Date,Water_Volumn_Change,ET,GPP,LST_DAY,NPP,PRECIPITATION,Soil_Moisture,SRAD,Temperature,Snow_Cover,Wind_Speed,Vap,NDVI,Nighttime,CO2,Cropland_Area,Forest_Area,Steppe_Area,Non-Vegetated/Artificial Land_Area,Wetland_Area,Snow/Ice_Area,Population_Density,Human Influence Index,CH4,N2O,SF6
2000/2/1,1897152052,3367.344686,1254.5,4.555004345,21.971,745.4964864,16.31151056,154.1064563,-2.027500091,51.19244054,2.697020356,0.01590457,0.061234593,0.343398202,369.68,2498343000,18600019.18,1.37E+11,17091324409,294292889,1777061380,11988.06293,196.8715317,1775.42,316.544,4.51
2000/3/1,-2697790486,5557.613652,1254.5,11.34377319,21.971,842.3907787,16.31651643,194.3094612,-5.540541164,47.11547788,2.325940057,0.02477567,0.065667158,0.343398202,369.99,2498343000,18600019.18,1.37E+11,17091324409,294292889,1777061380,11988.06293,196.8715317,1776.51,316.38,4.53
2000/4/1,-7646190862,9434.919388,1254.5,18.56532476,21.971,2190.938979,17.19663688,227.5865419,-7.530277534,36.13836345,1.904968978,0.159694476,0.071518014,0.343398202,370.36,2498343000,18600019.18,1.37E+11,17091324409,294292889,1777061380,11988.06293,196.8715317,1777.22,316.438,4.55
2000/5/1,-1610496969,18073.53465,1254.5,23.74612292,21.971,4779.225252,20.89185743,246.8165129,-8.624676114,24.43154028,1.060188474,0.339501753,0.088162769,0.343398202,370.24,2498343000,18600019.18,1.37E+11,17091324409,294292889,1777061380,11988.06293,196.8715317,1774.55,316.428,4.57
2000/6/1,-198386384.6,26779.50926,1254.5,25.10406589,21.971,7343.000179,19.31929853,230.0927847,-6.239087444,9.85337154,1.067139219,0.492805902,0.131701985,0.343398202,369.3,2498343000,18600019.18,1.37E+11,17091324409,294292889,1777061380,11988.06293,196.8715317,1768.15,316.436,4.58
2000/7/1,993197085.4,34255.53971,1254.5,20.08600021,21.971,12619.39288,18.51154171,197.9238409,-2.945014823,4.734972835,1.174292896,0.986122108,0.16290075,0.343398202,367.91,2498343000,18600019.18,1.37E+11,17091324409,294292889,1777061380,11988.06293,196.8715317,1763.48,316.384,4.58
2000/8/1,1464349036,33024.6955,1254.5,18.27670995,21.971,10078.05514,15.71100397,206.6273491,0.144916958,6.328845706,0.955583901,0.790646699,0.154767072,0.343398202,366.75,2498343000,18600019.18,1.37E+11,17091324409,294292889,1777061380,11988.06293,196.8715317,1765.42,316.526,4.59
2000/9/1,2515866533,23124.36301,1254.5,16.64309042,21.971,7221.259124,16.77918918,194.9532537,2.391573331,16.22141157,0.972669786,0.342433602,0.121830887,0.343398202,366.7,2498343000,18600019.18,1.37E+11,17091324409,294292889,1777061380,11988.06293,196.8715317,1772.05,316.48,4.62
2000/10/1,3930763518,12898.20659,1254.5,13.8579512,21.971,960.2390648,16.60395342,180.7960332,3.708021918,16.5438416,1.917614756,0.268129465,0.096099197,0.343398202,367.92,2498343000,18600019.18,1.37E+11,17091324409,294292889,1777061380,11988.06293,196.8715317,1777.11,316.776,4.65
2000/11/1,1286308681,4137.219145,1254.5,4.069374856,21.971,388.0796818,16.59288053,138.1535695,3.061825671,19.00370288,2.761188256,0.114586724,0.084033096,0.343398202,369.29,2498343000,18600019.18,1.37E+11,17091324409,294292889,1777061380,11988.06293,196.8715317,1777.71,316.868,4.66
2000/12/1,660338498,2105.554923,1254.5,0.517809657,21.971,585.357644,16.59288053,117.5242536,1.100545404,26.77494684,2.572760698,0.073186925,0.079849764,0.343398202,370.12,2498343000,18600019.18,1.37E+11,17091324409,294292889,1777061380,11988.06293,196.8715317,1775.33,316.918,4.68
2001/1/1,2339172982,2549.511946,1255.213913,-1.027009796,22.56611194,664.1733424,16.59325141,124.1837826,-8.193908051,30.93580352,3.091857798,0.068933256,0.078298549,0.31917966,370.69,2630408184,15798069.48,1.37E+11,16882021527,253998792.8,1542158652,11944.77617,197.1087986,1772.88,316.3,4.69
2001/2/1,-1105534706,2534.464749,1255.213913,4.667978768,22.56611194,1370.715347,16.59731345,156.2923054,-1.788100629,19.45033531,3.335869346,0.077934592,0.080036081,0.31917966,371.18,2630408184,15798069.48,1.37E+11,16882021527,253998792.8,1542158652,11944.77617,197.1087986,1772.5,316.31,4.71
2001/3/1,-2298384492,5063.08583,1255.213913,13.36122795,22.56611194,305.5524963,16.59581145,192.7745668,-5.369570685,23.95331554,2.263727049,0.053074909,0.076647822,0.31917966,371.59,2630408184,15798069.48,1.37E+11,16882021527,253998792.8,1542158652,11944.77617,197.1087986,1773.67,316.21,4.73
2001/4/1,-5052785770,10298.73964,1255.213913,16.37509414,22.56611194,397.771819,17.02953348,225.8595373,-7.534821217,31.3645383,2.081344933,0.104200603,0.074267219,0.31917966,371.9,2630408184,15798069.48,1.37E+11,16882021527,253998792.8,1542158652,11944.77617,197.1087986,1773.88,316.12,4.75
2001/5/1,-1925248876,17971.76198,1255.213913,20.35427816,22.56611194,731.5906236,18.73386458,246.3412943,-7.025760119,26.33528696,1.250040106,0.164081315,0.077443124,0.31917966,371.76,2630408184,15798069.48,1.37E+11,16882021527,253998792.8,1542158652,11944.77617,197.1087986,1770.86,316.11,4.76
2001/6/1,-2852786114,25835.86026,1255.213913,21.08061788,22.56611194,1032.752938,19.98838361,236.5683868,-5.963530623,19.22987833,0.987813442,0.338733624,0.115935542,0.31917966,370.81,2630408184,15798069.48,1.37E+11,16882021527,253998792.8,1542158652,11944.77617,197.1087986,1766.13,316.16,4.76
2001/7/1,2216549353,35696.31402,1255.213913,25.44970756,22.56611194,1915.000376,15.51608413,221.0419414,-3.110427947,2.894418904,0.704064803,0.933679494,0.168611674,0.31917966,369.44,2630408184,15798069.48,1.37E+11,16882021527,253998792.8,1542158652,11944.77617,197.1087986,1763.05,316.23,4.77
2001/8/1,1652162856,32763.87346,1255.213913,19.21487418,22.56611194,4628.916032,16.52590632,195.6258297,-0.394335701,5.990662064,1.014461296,1.108851984,0.169408911,0.31917966,368.32,2630408184,15798069.48,1.37E+11,16882021527,253998792.8,1542158652,11944.77617,197.1087986,1764.48,316.3,4.79
2001/9/1,1407774768,24403.79744,1255.213913,19.0698313,22.56611194,8179.46957,14.47938976,202.7871822,2.069122212,9.131267352,1.358016755,0.966110947,0.129597477,0.31917966,368.36,2630408184,15798069.48,1.37E+11,16882021527,253998792.8,1542158652,11944.77617,197.1087986,1770.45,316.41,4.81
2001/10/1,2919242786,12307.10224,1255.213913,15.57708964,22.56611194,9589.288032,14.47905603,176.8695667,3.840925207,13.89979079,1.516678391,0.305114527,0.106187073,0.31917966,369.71,2630408184,15798069.48,1.37E+11,16882021527,253998792.8,1542158652,11944.77617,197.1087986,1775.5,316.59,4.83
2001/11/1,308094122.7,3807.802547,1255.213913,7.667085133,22.56611194,12123.69461,14.46676769,142.6351158,3.23393199,17.0808474,2.230929237,0.145457186,0.096147006,0.31917966,371.04,2630408184,15798069.48,1.37E+11,16882021527,253998792.8,1542158652,11944.77617,197.1087986,1776.55,316.76,4.86
2001/12/1,-98631630.95,2143.284821,1255.213913,-3.089494198,22.56611194,5219.885814,14.46657188,113.6515341,1.694224709,26.46371764,3.062727248,0.057684258,0.075624531,0.31917966,371.97,2630408184,15798069.48,1.37E+11,16882021527,253998792.8,1542158652,11944.77617,197.1087986,1775.94,316.87,4.88
2002/1/1,-974516530.8,2339.303499,1255.932472,-2.633575956,23.11038504,989.4905115,14.46708254,122.9558351,-8.925613543,34.38336802,2.206731028,0.051131321,0.068125056,0.390481672,372.53,2708726144,15098759.92,1.37E+11,16967363543,209096926.3,1559932826,12247.01299,196.8525761,1774.11,316.93,4.89
2002/2/1,-219870573.5,3409.138805,1255.932472,2.519189507,23.11038504,2078.83222,14.46461348,153.2021522,-2.426453594,34.63070719,3.339486872,0.079870508,0.07230939,0.390481672,372.92,2708726144,15098759.92,1.37E+11,16967363543,209096926.3,1559932826,12247.01299,196.8525761,1772.8,316.97,4.91
2002/3/1,-1824751693,5666.781144,1255.932472,13.25979154,23.11038504,548.9923186,14.51901569,189.9518161,-5.715917365,38.05200243,2.452866617,0.128276497,0.068721513,0.390481672,373.37,2708726144,15098759.92,1.37E+11,16967363543,209096926.3,1559932826,12247.01299,196.8525761,1773.41,316.96,4.93
2002/4/1,-6722227808,10174.48959,1255.932472,20.67017482,23.11038504,338.1999623,15.21186656,223.5081602,-7.280011781,23.76393261,2.299655887,0.167892322,0.077303101,0.390481672,373.72,2708726144,15098759.92,1.37E+11,16967363543,209096926.3,1559932826,12247.01299,196.8525761,1772.76,316.9,4.95
2002/5/1,-1392328167,15086.00283,1255.932472,22.39829534,23.11038504,668.5024564,16.34277187,257.0970902,-7.218505066,23.8345963,1.469650083,0.223276738,0.087951889,0.390481672,373.7,2708726144,15098759.92,1.37E+11,16967363543,209096926.3,1559932826,12247.01299,196.8525761,1770.29,316.85,4.96
2002/6/1,-7795859982,25225.97386,1255.932472,22.93691889,23.11038504,1256.013501,18.44008436,236.9250528,-5.497707142,13.99695606,1.116121055,0.689261817,0.128791013,0.390481672,372.84,2708726144,15098759.92,1.37E+11,16967363543,209096926.3,1559932826,12247.01299,196.8525761,1766.92,316.83,4.96
2002/7/1,-2966629237,31914.46702,1255.932472,22.25642362,23.11038504,2052.441565,18.99344316,194.4846031,-2.493334553,4.365472332,1.4343135,0.999061366,0.170108828,0.390481672,371.41,2708726144,15098759.92,1.37E+11,16967363543,209096926.3,1559932826,12247.01299,196.8525761,1764.23,316.82,4.98
2002/8/1,4446213279,34111.05614,1255.932472,21.14197711,23.11038504,3280.30452,14.02144553,209.5182512,-0.465125431,3.936939713,1.143470723,1.17159336,0.168259808,0.390481672,370.37,2708726144,15098759.92,1.37E+11,16967363543,209096926.3,1559932826,12247.01299,196.8525761,1766.82,316.82,4.99
2002/9/1,9519397533,22055.76618,1255.932472,12.87602343,23.11038504,8397.83492,15.65236353,183.4858868,2.379028087,25.24483886,0.996128075,0.255065579,0.113202947,0.390481672,370.69,2708726144,15098759.92,1.37E+11,16967363543,209096926.3,1559932826,12247.01299,196.8525761,1773.67,316.87,5.01
2002/10/1,5919067235,12692.71649,1255.932472,10.28455084,23.11038504,13272.97074,16.03513228,178.1288701,3.784962225,26.13770724,1.081926175,0.153420491,0.082774858,0.390481672,371.96,2708726144,15098759.92,1.37E+11,16967363543,209096926.3,1559932826,12247.01299,196.8525761,1778.27,316.99,5.03
2002/11/1,-8005328766,4206.318779,1255.932472,5.01182661,23.11038504,9515.816439,16.01724834,140.7993286,3.344988404,33.60969407,1.785286934,0.109155155,0.076520852,0.390481672,373.29,2708726144,15098759.92,1.37E+11,16967363543,209096926.3,1559932826,12247.01299,196.8525761,1779.48,317.13,5.06
2002/12/1,11052429995,2300.610251,1255.932472,-0.300976021,23.11038504,7041.672454,16.01735535,115.7091904,1.073762106,22.30212997,2.921926348,0.068032082,0.081742912,0.390481672,374.27,2708726144,15098759.92,1.37E+11,16967363543,209096926.3,1559932826,12247.01299,196.8525761,1779.66,317.24,5.09
2003/1/1,1868966062,2139.338977,1254.840113,-0.481888915,22.22216591,894.8507739,16.01780284,122.6978734,-8.356720824,24.19288779,2.57631856,0.074452975,0.078957124,0.46974483,374.95,2759500461,14824824.41,1.37E+11,16966713367,199768984.7,1670686905,11649.59504,196.6532204,1777.54,317.3,5.11
2003/2/1,-9423577516,3340.236846,1254.840113,1.298297089,22.22216591,1261.735358,16.03016097,150.9712559,-1.752826827,35.03589528,3.187174729,0.101614379,0.066702848,0.46974483,375.48,2759500461,14824824.41,1.37E+11,16966713367,199768984.7,1670686905,11649.59504,196.6532204,1774.81,317.34,5.12
2003/3/1,1287297072,6530.21143,1254.840113,10.63720408,22.22216591,252.171673,16.03536123,189.9841413,-5.275857785,30.93657468,2.959862378,0.099430623,0.073969152,0.46974483,375.92,2759500461,14824824.41,1.37E+11,16966713367,199768984.7,1670686905,11649.59504,196.6532204,1774.86,317.4,5.15
2003/4/1,-4486585468,11179.7946,1254.840113,18.86237462,22.22216591,621.1561887,17.38656426,227.5730857,-7.418286704,23.08404581,2.726599707,0.224172503,0.078602083,0.46974483,376.39,2759500461,14824824.41,1.37E+11,16966713367,199768984.7,1670686905,11649.59504,196.6532204,1775.81,317.47,5.19
2003/5/1,-6843649950,16568.01322,1254.840113,18.21472972,22.22216591,1231.172911,18.4102895,255.6404943,-7.541608069,28.01132911,1.51704618,0.11929649,0.078742096,0.46974483,376.51,2759500461,14824824.41,1.37E+11,16966713367,199768984.7,1670686905,11649.59504,196.6532204,1774.43,317.51,5.22
2003/6/1,4359449274,24716.92035,1254.840113,19.59508799,22.22216591,1162.331303,21.74344551,234.2028668,-5.623016393,15.39747695,1.201613068,0.662181821,0.117630719,0.46974483,375.68,2759500461,14824824.41,1.37E+11,16966713367,199768984.7,1670686905,11649.59504,196.6532204,1771.71,317.53,5.23
2003/7/1,1178568128,32874.84108,1254.840113,21.74457292,22.22216591,1582.75525,17.62775058,225.5162525,-2.570959646,6.299989382,1.027149249,0.600809281,0.165210224,0.46974483,374.16,2759500461,14824824.41,1.37E+11,16966713367,199768984.7,1670686905,11649.59504,196.6532204,1770.72,317.57,5.24
2003/8/1,2826768807,31875.14822,1254.840113,19.49370454,22.22216591,2850.669784,17.19071538,188.5546802,-0.846170736,4.721915299,0.944621422,1.267304477,0.169336663,0.46974483,372.93,2759500461,14824824.41,1.37E+11,16966713367,199768984.7,1670686905,11649.59504,196.6532204,1774.27,317.64,5.25
2003/9/1,4729531574,25483.79281,1254.840113,17.39702162,22.22216591,8252.475602,18.40800462,189.5885742,2.091492703,8.177789395,1.096354924,0.729899956,0.134656265,0.46974483,373.11,2759500461,14824824.41,1.37E+11,16966713367,199768984.7,1670686905,11649.59504,196.6532204,1780.57,317.77,5.28
2003/10/1,1008453483,13478.11009,1254.840113,15.38443343,22.22216591,11445.37388,17.78556374,180.651867,3.330811376,10.8352707,2.015268848,0.234336787,0.108662368,0.46974483,374.4,2759500461,14824824.41,1.37E+11,16966713367,199768984.7,1670686905,11649.59504,196.6532204,1784.7,317.93,5.3
2003/11/1,-2386937352,4231.575871,1254.840113,6.484300063,22.22216591,11466.64132,17.74997239,144.1706552,3.54835394,14.94403388,2.86196574,0.12357711,0.095935584,0.46974483,375.68,2759500461,14824824.41,1.37E+11,16966713367,199768984.7,1670686905,11649.59504,196.6532204,1785.25,318.04,5.32
2003/12/1,5301405597,1962.822534,1254.840113,-1.080128647,22.22216591,7473.163755,17.75357383,116.0712343,1.61546961,19.21486787,2.632992934,0.066186401,0.084509546,0.46974483,376.53,2759500461,14824824.41,1.37E+11,16966713367,199768984.7,1670686905,11649.59504,196.6532204,1783.57,318.11,5.34
2004/1/1,-1507307446,2547.972554,1254.63164,-3.345539452,21.78927325,930.4971499,17.75529278,120.6042589,-8.561597955,34.01250568,2.940029612,0.066246597,0.074429875,0.566997574,377.21,2753712143,17476008.61,1.37E+11,16981299255,215744742.1,1759004521,11582.06994,197.8602032,1780.91,318.18,5.36
2004/2/1,-2131258983,3450.817155,1254.63164,3.796128823,21.78927325,2732.640684,17.76548371,156.8839231,-2.463005966,34.58553477,2.812140563,0.080993291,0.077606465,0.566997574,377.73,2753712143,17476008.61,1.37E+11,16981299255,215744742.1,1759004521,11582.06994,197.8602032,1779.95,318.2,5.38
2004/3/1,-4841728482,5800.985761,1254.63164,15.72189608,21.78927325,1063.614293,17.9418839,194.5214907,-6.16679068,15.05998961,3.05507428,0.240158339,0.082515815,0.566997574,378.16,2753712143,17476008.61,1.37E+11,16981299255,215744742.1,1759004521,11582.06994,197.8602032,1781,318.16,5.4
2004/4/1,-2612436366,10441.58056,1254.63164,21.308549,21.78927325,482.0867866,18.66929657,229.5950959,-7.012317927,18.24422913,1.562474887,0.209762895,0.083028631,0.566997574,378.47,2753712143,17476008.61,1.37E+11,16981299255,215744742.1,1759004521,11582.06994,197.8602032,1780.72,318.14,5.42
2004/5/1,3414988178,16216.64411,1254.63164,24.33464785,21.78927325,387.2487652,18.42982175,253.2879749,-7.610303689,18.36532496,1.639078895,0.231997594,0.089741062,0.566997574,378.4,2753712143,17476008.61,1.37E+11,16981299255,215744742.1,1759004521,11582.06994,197.8602032,1777.55,318.14,5.44
2004/6/1,-2835611701,24684.07161,1254.63164,20.44784535,21.78927325,652.3610344,17.75179861,242.8719765,-4.428587385,18.25304271,1.223359597,0.276400542,0.126857969,0.566997574,377.51,2753712143,17476008.61,1.37E+11,16981299255,215744742.1,1759004521,11582.06994,197.8602032,1772.31,318.13,5.44
2004/7/1,1808033114,33193.65198,1254.63164,21.83584367,21.78927325,2171.657288,18.0152084,215.7001206,-2.371026874,6.350015365,1.185647874,0.696649618,0.167948698,0.566997574,375.96,2753712143,17476008.61,1.37E+11,16981299255,215744742.1,1759004521,11582.06994,197.8602032,1768.05,318.14,5.45
2004/8/1,5279628544,32369.13937,1254.63164,21.0414819,21.78927325,4211.814446,17.06360846,199.5074711,-0.002118666,5.868266133,0.879868308,1.000018229,0.167348371,0.566997574,374.49,2753712143,17476008.61,1.37E+11,16981299255,215744742.1,1759004521,11582.06994,197.8602032,1769.76,318.17,5.47
2004/9/1,951719676.8,23061.54858,1254.63164,22.18354935,21.78927325,7778.551268,12.41696318,211.8395024,1.982148792,5.800686545,1.196232135,0.553886424,0.126063917,0.566997574,374.39,2753712143,17476008.61,1.37E+11,16981299255,215744742.1,1759004521,11582.06994,197.8602032,1775.51,318.23,5.49
2004/10/1,69011270.03,10678.74962,1254.63164,10.92738741,21.78927325,12099.11289,12.84176842,176.2048786,3.368377351,25.5393421,1.637770596,0.065853749,0.081499557,0.566997574,375.73,2753712143,17476008.61,1.37E+11,16981299255,215744742.1,1759004521,11582.06994,197.8602032,1779.7,318.34,5.51
2004/11/1,-2814106417,3481.461199,1254.63164,3.588771249,21.78927325,11346.64002,12.82434265,140.1710378,3.287492815,26.30122755,1.74253157,0.057914571,0.08210083,0.566997574,377.2,2753712143,17476008.61,1.37E+11,16981299255,215744742.1,1759004521,11582.06994,197.8602032,1780.47,318.56,5.54
2004/12/1,1961866969,2338.024558,1254.63164,0.103124909,21.78927325,3876.484289,12.82451441,114.5410934,1.690708155,26.09256998,2.861436493,0.101473389,0.08211566,0.566997574,378.17,2753712143,17476008.61,1.37E+11,16981299255,215744742.1,1759004521,11582.06994,197.8602032,1778.34,318.77,5.56
2005/1/1,-1586053874,2552.226568,1255.377789,-3.221310969,22.64247033,964.7442564,12.82537182,119.4864031,-8.169721807,33.06607025,3.309546215,0.093910948,0.073559996,0.960644881,378.73,2828691725,18233874.42,1.37E+11,16644729435,192531568.2,1711672907,10829.17072,200.6447206,1776.17,318.87,5.58
2005/2/1,-1061705850,3606.157251,1255.377789,0.176394228,22.64247033,2737.695296,12.82928914,151.3564115,-2.074004676,39.80655382,3.870519576,0.084552653,0.066497564,0.960644881,379.19,2828691725,18233874.42,1.37E+11,16644729435,192531568.2,1711672907,10829.17072,200.6447206,1775.72,318.89,5.6
2005/3/1,126744716.7,6075.079842,1255.377789,11.21861565,22.64247033,200.2214918,13.03244887,187.3646284,-5.666371303,35.13089769,2.362476441,0.191626891,0.067282748,0.960644881,379.81,2828691725,18233874.42,1.37E+11,16644729435,192531568.2,1711672907,10829.17072,200.6447206,1775.6,318.86,5.62
2005/4/1,-5407564287,9247.948743,1255.377789,15.90668906,22.64247033,299.2261625,14.176786,230.8454232,-7.719382151,33.10948192,1.910578103,0.104712191,0.071301145,0.960644881,380.3,2828691725,18233874.42,1.37E+11,16644729435,192531568.2,1711672907,10829.17072,200.6447206,1774.8,318.78,5.64
2005/5/1,5892372429,16029.57795,1255.377789,15.06421363,22.64247033,812.6504904,16.12173514,256.741835,-7.456328882,35.78143022,1.522645798,0.103638914,0.070568838,0.960644881,380.42,2828691725,18233874.42,1.37E+11,16644729435,192531568.2,1711672907,10829.17072,200.6447206,1772.48,318.66,5.65
2005/6/1,-448096462,23640.31455,1255.377789,23.47022384,22.64247033,1694.26276,15.66663383,252.7004271,-5.023031003,14.18315909,1.285565719,0.80100069,0.115866144,0.960644881,379.6,2828691725,18233874.42,1.37E+11,16644729435,192531568.2,1711672907,10829.17072,200.6447206,1768.83,318.59,5.65
2005/7/1,5257863440,32484.95273,1255.377789,20.71346174,22.64247033,2069.532373,17.06872093,201.0346498,-2.932441625,4.519296178,1.036784838,0.713639514,0.164915458,0.960644881,377.94,2828691725,18233874.42,1.37E+11,16644729435,192531568.2,1711672907,10829.17072,200.6447206,1766.42,318.65,5.66
2005/8/1,4463740038,32654.97426,1255.377789,20.92921358,22.64247033,3249.928712,19.48238798,197.1095438,-0.660680251,4.482493504,0.956769038,1.340496329,0.174750232,0.960644881,376.73,2828691725,18233874.42,1.37E+11,16644729435,192531568.2,1711672907,10829.17072,200.6447206,1768.13,318.77,5.68
2005/9/1,3143076275,23895.17626,1255.377789,18.11138142,22.64247033,5448.891683,16.97860108,194.4637186,2.393370759,12.88779808,0.921044645,0.864863425,0.129588806,0.960644881,376.78,2828691725,18233874.42,1.37E+11,16644729435,192531568.2,1711672907,10829.17072,200.6447206,1773.25,318.9,5.7
2005/10/1,4711459970,12261.92471,1255.377789,10.46427528,22.64247033,13867.78536,17.76520982,177.6739847,3.606266212,27.29089978,1.254472429,0.182670759,0.090029652,0.960644881,378.09,2828691725,18233874.42,1.37E+11,16644729435,192531568.2,1711672907,10829.17072,200.6447206,1778.59,319.11,5.73
2005/11/1,-4236166857,4019.955453,1255.377789,3.649393833,22.64247033,13070.4012,17.74447105,145.0209923,3.466964779,31.20136701,2.352414451,0.104665738,0.079484486,0.960644881,379.54,2828691725,18233874.42,1.37E+11,16644729435,192531568.2,1711672907,10829.17072,200.6447206,1781.23,319.36,5.75
2005/12/1,6902010061,1951.691302,1255.377789,-0.516261624,22.64247033,6208.299352,17.744495,120.4981841,1.827926706,22.26754456,2.539018405,0.039523658,0.084975213,0.960644881,380.52,2828691725,18233874.42,1.37E+11,16644729435,192531568.2,1711672907,10829.17072,200.6447206,1780.29,319.58,5.78
2006/1/1,-283417288.4,2536.34366,1257.128153,-0.971392268,24.73259672,326.977043,17.74445065,123.9190786,-7.232531269,22.68671905,4.501519246,0.104358763,0.081080884,1.262157336,381.33,2849779374,17246495.08,1.37E+11,16602531924,203899555.3,2026241735,10675.19411,198.4661039,1779.56,319.73,5.81
2006/2/1,-251435909.3,3404.945544,1257.128153,5.753543858,24.73259672,2104.831827,17.80303388,151.6054713,-2.078933471,25.39044184,3.42188704,0.13559071,0.079046404,1.262157336,381.95,2849779374,17246495.08,1.37E+11,16602531924,203899555.3,2026241735,10675.19411,198.4661039,1779.46,319.81,5.83
2006/3/1,-667207576.3,5856.350921,1257.128153,11.04688601,24.73259672,683.6911187,17.84495515,192.344377,-5.445830031,30.27500904,2.668345425,0.118739603,0.075403276,1.262157336,382.33,2849779374,17246495.08,1.37E+11,16602531924,203899555.3,2026241735,10675.19411,198.4661039,1777.39,319.77,5.85
2006/4/1,2429933648,10030.954,1257.128153,15.41063788,24.73259672,740.0789153,18.37458528,231.70531,-7.289580037,34.68451423,1.932033748,0.092468853,0.074884729,1.262157336,382.65,2849779374,17246495.08,1.37E+11,16602531924,203899555.3,2026241735,10675.19411,198.4661039,1776.13,319.7,5.87
2006/5/1,-1949157093,18405.70167,1257.128153,22.65717304,24.73259672,560.2517458,19.51710087,248.6912086,-6.100073787,17.87874294,1.369857327,0.264277866,0.093808814,1.262157336,382.61,2849779374,17246495.08,1.37E+11,16602531924,203899555.3,2026241735,10675.19411,198.4661039,1774.96,319.68,5.89
2006/6/1,1031778281,23220.94347,1257.128153,25.23556151,24.73259672,1031.281778,16.43159803,245.2252085,-5.552951771,15.42217046,1.471420658,0.61211282,0.134839905,1.262157336,381.74,2849779374,17246495.08,1.37E+11,16602531924,203899555.3,2026241735,10675.19411,198.4661039,1769.32,319.66,5.9
2006/7/1,2383618222,33802.11195,1257.128153,26.00327313,24.73259672,2061.785086,12.4193877,224.6572086,-3.153415781,2.405262826,0.785995989,0.794812014,0.16867682,1.262157336,380.07,2849779374,17246495.08,1.37E+11,16602531924,203899555.3,2026241735,10675.19411,198.4661039,1764.19,319.63,5.91
2006/8/1,3415780727,32866.76519,1257.128153,19.21468337,24.73259672,3805.771996,10.47940703,197.778787,0.022166294,5.575496005,1.101726434,1.276392987,0.164530183,1.262157336,378.5,2849779374,17246495.08,1.37E+11,16602531924,203899555.3,2026241735,10675.19411,198.4661039,1767.18,319.68,5.93
2006/9/1,3385646651,26026.06838,1257.128153,18.7750387,24.73259672,6147.115603,9.712836544,198.6724661,2.463508246,9.045911556,0.969774029,0.465145342,0.127798291,1.262157336,378.62,2849779374,17246495.08,1.37E+11,16602531924,203899555.3,2026241735,10675.19411,198.4661039,1774.56,319.82,5.94
2006/10/1,4160076972,11951.89287,1257.128153,10.89159871,24.73259672,10027.034,9.972542631,175.3751276,4.005147559,31.75283304,0.980356884,0.290364324,0.085393384,1.262157336,380.05,2849779374,17246495.08,1.37E+11,16602531924,203899555.3,2026241735,10675.19411,198.4661039,1778.24,320,5.97
2006/11/1,-4826422160,4427.944788,1257.128153,2.930001912,24.73259672,10003.55054,9.974498045,141.7276672,3.596953168,39.21814745,1.985333573,0.174367503,0.065939911,1.262157336,381.42,2849779374,17246495.08,1.37E+11,16602531924,203899555.3,2026241735,10675.19411,198.4661039,1779.04,320.16,6
2006/12/1,-2888941125,2663.463533,1257.128153,-1.460877048,24.73259672,5329.992839,9.977655932,118.4973566,1.649605358,38.70441753,2.681332217,0.085680601,0.070412202,1.262157336,382.38,2849779374,17246495.08,1.37E+11,16602531924,203899555.3,2026241735,10675.19411,198.4661039,1779.96,320.27,6.03
2007/1/1,1567326755,2326.961512,1255.29577,-0.450200613,22.85549627,261.8484265,9.977961682,126.9686431,-8.009105746,28.83809481,2.636348022,0.074779621,0.078128973,0.802851244,383.03,2815613491,14902226.33,1.37E+11,16524344538,220174824.5,2063244567,10674.4423,202.0247084,1779.22,320.36,6.06
2007/2/1,749891071.5,3345.473631,1255.29577,1.166589349,22.85549627,1221.172721,9.996144714,149.98703,-1.526491493,36.97470434,2.292839302,0.07833196,0.06423049,0.802851244,383.55,2815613491,14902226.33,1.37E+11,16524344538,220174824.5,2063244567,10674.4423,202.0247084,1778.57,320.38,6.09
2007/3/1,-11692030627,7146.511162,1255.29577,12.34584697,22.85549627,893.3158888,10.09872117,193.5403043,-5.770080786,41.92999578,3.064314242,0.123131196,0.070094818,0.802851244,384.02,2815613491,14902226.33,1.37E+11,16524344538,220174824.5,2063244567,10674.4423,202.0247084,1780.26,320.28,6.12
2007/4/1,3828702809,11568.43239,1255.29577,21.09511911,22.85549627,281.8512923,11.71116783,232.1239291,-7.058776111,20.02383372,1.597584164,0.312072235,0.079895271,0.802851244,384.28,2815613491,14902226.33,1.37E+11,16524344538,220174824.5,2063244567,10674.4423,202.0247084,1781.13,320.18,6.14
2007/5/1,-3720605153,19929.39085,1255.29577,22.05244811,22.85549627,1490.79856,13.17611402,252.1491426,-7.56741778,19.26562521,1.094066287,0.360593777,0.091288787,0.802851244,384.13,2815613491,14902226.33,1.37E+11,16524344538,220174824.5,2063244567,10674.4423,202.0247084,1779.46,320.22,6.16
2007/6/1,-296007132.5,23251.62448,1255.29577,23.97196496,22.85549627,1224.53032,12.14938466,263.1752513,-5.218803602,15.33583956,1.296914849,0.478332362,0.121318405,0.802851244,383.26,2815613491,14902226.33,1.37E+11,16524344538,220174824.5,2063244567,10674.4423,202.0247084,1775.63,320.24,6.16
2007/7/1,2091634938,33485.27139,1255.29577,23.83581556,22.85549627,1890.696919,16.75767406,220.8796835,-2.25508029,4.626126288,0.95845738,0.909170002,0.161694869,0.802851244,381.55,2815613491,14902226.33,1.37E+11,16524344538,220174824.5,2063244567,10674.4423,202.0247084,1772.6,320.18,6.17
2007/8/1,4771929769,32797.77609,1255.29577,19.51282417,22.85549627,3203.089372,17.82906099,191.6901147,0.492216249,4.000909757,1.077902417,1.475415853,0.16668727,0.802851244,380.29,2815613491,14902226.33,1.37E+11,16524344538,220174824.5,2063244567,10674.4423,202.0247084,1777.17,320.22,6.19
2007/9/1,5076348597,24367.55608,1255.29577,17.50768501,22.85549627,5587.537126,18.94578916,186.8329655,2.2418092,14.08485765,0.809481471,0.927288504,0.130350626,0.802851244,380.68,2815613491,14902226.33,1.37E+11,16524344538,220174824.5,2063244567,10674.4423,202.0247084,1785.88,320.46,6.22
2007/10/1,289947903.6,14777.79448,1255.29577,11.95176108,22.85549627,13336.30795,17.84975063,180.1683016,3.629462683,20.69447223,2.019473106,0.363223965,0.088999409,0.802851244,382.1,2815613491,14902226.33,1.37E+11,16524344538,220174824.5,2063244567,10674.4423,202.0247084,1789.86,320.73,6.26
2007/11/1,-965139138.1,4243.591388,1255.29577,6.872344459,22.85549627,11616.91703,17.84342257,145.4100616,3.626423974,19.59487389,1.647678325,0.108532626,0.087947126,0.802851244,383.45,2815613491,14902226.33,1.37E+11,16524344538,220174824.5,2063244567,10674.4423,202.0247084,1789.51,320.95,6.28
2007/12/1,-1869647760,2435.734414,1255.29577,-0.927560973,22.85549627,7665.326607,17.84387435,118.9066,1.643283539,23.26956355,3.35464647,0.080072193,0.082492421,0.802851244,384.46,2815613491,14902226.33,1.37E+11,16524344538,220174824.5,2063244567,10674.4423,202.0247084,1788.2,321.15,6.31
2008/1/1,4942164196,2282.182115,1254.179102,-4.936841158,21.72497162,744.5564858,17.84674653,119.6328778,-8.208879321,27.29616537,4.118484972,0.094196594,0.073498081,1.022897246,385.23,2823846364,13303708.31,1.36E+11,16873794038,211722534.2,1936340408,10768.97712,203.9077506,1786.71,321.33,6.34
2008/2/1,-6581062211,3234.74147,1254.179102,1.207417677,21.72497162,2253.418527,17.84755405,157.7803795,-2.353212866,37.06005688,2.910520517,0.020246888,0.066376846,1.022897246,385.75,2823846364,13303708.31,1.36E+11,16873794038,211722534.2,1936340408,10768.97712,203.9077506,1785.79,321.39,6.37
2008/3/1,-5849415897,5760.505627,1254.179102,11.10850809,21.72497162,307.5247656,17.92954091,191.6948952,-5.576608402,29.15270043,2.055296795,0.188241841,0.073005439,1.022897246,386.15,2823846364,13303708.31,1.36E+11,16873794038,211722534.2,1936340408,10768.97712,203.9077506,1786.18,321.38,6.39
2008/4/1,5135144349,10429.38519,1254.179102,19.20708076,21.72497162,239.281264,18.23648037,232.5243314,-6.910494364,27.61323729,2.189701425,0.137141529,0.07680263,1.022897246,386.53,2823846364,13303708.31,1.36E+11,16873794038,211722534.2,1936340408,10768.97712,203.9077506,1786.89,321.39,6.41
2008/5/1,-3177897045,19046.54175,1254.179102,18.72734046,21.72497162,426.9977873,18.85895683,239.614709,-8.688672984,24.96796883,1.168568045,0.302174424,0.085561884,1.022897246,386.48,2823846364,13303708.31,1.36E+11,16873794038,211722534.2,1936340408,10768.97712,203.9077506,1785.18,321.43,6.44
2008/6/1,-965433942.1,28406.31964,1254.179102,21.27661441,21.72497162,1291.785364,16.21559463,241.0723068,-5.241823728,12.10970442,1.062081021,0.370951227,0.134717389,1.022897246,385.57,2823846364,13303708.31,1.36E+11,16873794038,211722534.2,1936340408,10768.97712,203.9077506,1780.48,321.45,6.45
2008/7/1,878430740.3,33337.56268,1254.179102,21.96523734,21.72497162,886.2339198,18.78603817,208.4417754,-2.672246621,6.432800166,1.019759143,0.50858696,0.171849032,1.022897246,384.09,2823846364,13303708.31,1.36E+11,16873794038,211722534.2,1936340408,10768.97712,203.9077506,1777.65,321.42,6.46
2008/8/1,7965844840,32157.6634,1254.179102,19.51064221,21.72497162,4409.268798,18.13251153,210.7537173,0.141025677,6.848752419,0.986016101,0.669361454,0.165031423,1.022897246,382.77,2823846364,13303708.31,1.36E+11,16873794038,211722534.2,1936340408,10768.97712,203.9077506,1781.03,321.4,6.48
2008/9/1,6167927000,22477.81867,1254.179102,15.71293334,21.72497162,7025.080993,18.57162667,199.682511,2.304998801,19.73776659,0.922142726,0.650465642,0.117393777,1.022897246,382.54,2823846364,13303708.31,1.36E+11,16873794038,211722534.2,1936340408,10768.97712,203.9077506,1787.67,321.49,6.51
2008/10/1,-3781880920,12433.17756,1254.179102,8.808690469,21.72497162,14811.46624,18.85911877,178.8723267,3.482494649,30.16809432,1.249567522,0.258154475,0.072255438,1.022897246,383.67,2823846364,13303708.31,1.36E+11,16873794038,211722534.2,1936340408,10768.97712,203.9077506,1793.69,321.65,6.54
2008/11/1,4262870086,4618.614071,1254.179102,4.068224852,21.72497162,12147.03901,18.82557579,144.8735718,3.003167427,32.59309211,2.489353202,0.13215775,0.073469563,1.022897246,385.18,2823846364,13303708.31,1.36E+11,16873794038,211722534.2,1936340408,10768.97712,203.9077506,1797.29,321.8,6.59
2008/12/1,-6894612802,2174.960569,1254.179102,0.86939448,21.72497162,6557.51452,18.8254691,118.1266471,1.354114849,22.17637803,2.69990786,0.074624822,0.078943131,1.022897246,386.27,2823846364,13303708.31,1.36E+11,16873794038,211722534.2,1936340408,10768.97712,203.9077506,1796.6,321.98,6.62
2009/1/1,6547788262,2426.015931,1256.150244,-1.673870878,23.07063632,365.8147798,18.82606091,123.1019102,-7.560029383,25.89796536,3.27379008,0.094061253,0.072067121,1.060630259,387.03,2760946867,12900545.24,1.36E+11,16874277969,205444901.6,1783182863,10836.83273,209.7252162,1795.08,322.21,6.64
2009/2/1,-2347367959,2850.904866,1256.150244,2.86408299,23.07063632,2496.26077,18.81749126,153.9406408,-1.847342522,22.20625236,3.975246055,0.123654314,0.074913477,1.060630259,387.48,2760946867,12900545.24,1.36E+11,16874277969,205444901.6,1783182863,10836.83273,209.7252162,1795.57,322.34,6.67
2009/3/1,-5217498066,6094.48599,1256.150244,12.04179484,23.07063632,255.7730041,18.84815624,191.1082892,-5.350357107,26.5930911,2.967100316,0.157243241,0.074955142,1.060630259,387.71,2760946867,12900545.24,1.36E+11,16874277969,205444901.6,1783182863,10836.83273,209.7252162,1795.96,322.27,6.69
2009/4/1,-7854338210,11271.31296,1256.150244,19.8427644,23.07063632,353.5143673,19.0747271,233.8707378,-7.305724053,23.61017786,2.411691768,0.247318947,0.081365338,1.060630259,387.99,2760946867,12900545.24,1.36E+11,16874277969,205444901.6,1783182863,10836.83273,209.7252162,1795.57,322.1,6.71
2009/5/1,5999757131,15298.73032,1256.150244,20.34946117,23.07063632,498.4942503,19.29912716,251.1800342,-6.680529656,26.33253476,1.362040322,0.189012471,0.084149816,1.060630259,387.95,2760946867,12900545.24,1.36E+11,16874277969,205444901.6,1783182863,10836.83273,209.7252162,1792.38,321.97,6.72
2009/6/1,-1501717270,22895.65709,1256.150244,25.20657402,23.07063632,1494.050157,15.39235969,267.8832524,-5.176194695,11.75813238,1.416813584,0.643716665,0.128813018,1.060630259,386.96,2760946867,12900545.24,1.36E+11,16874277969,205444901.6,1783182863,10836.83273,209.7252162,1786.96,321.95,6.73
2009/7/1,1644827994,28456.60056,1256.150244,24.30893728,23.07063632,1046.770478,15.68660639,228.5694473,-2.026791548,3.979828997,1.426319946,0.970822094,0.169612305,1.060630259,385.02,2760946867,12900545.24,1.36E+11,16874277969,205444901.6,1783182863,10836.83273,209.7252162,1785.04,322.02,6.75
2009/8/1,2358864966,32666.76295,1256.150244,21.63795629,23.07063632,4215.54902,14.79499878,216.0434895,-0.339213872,5.931517863,0.883765171,0.897817426,0.169047853,1.060630259,383.63,2760946867,12900545.24,1.36E+11,16874277969,205444901.6,1783182863,10836.83273,209.7252162,1788.88,322.15,6.77
2009/9/1,4164022743,24147.34479,1256.150244,19.02939118,23.07063632,5083.519715,13.77077452,197.9677604,2.632243938,8.703906881,1.19479947,0.590624319,0.129971001,1.060630259,383.93,2760946867,12900545.24,1.36E+11,16874277969,205444901.6,1783182863,10836.83273,209.7252162,1794.84,322.3,6.8
2009/10/1,-4395241896,10696.51424,1256.150244,7.814727484,23.07063632,13490.36268,13.97552061,174.6563494,3.883281329,37.85357234,1.437963196,0.240816164,0.072120808,1.060630259,385.49,2760946867,12900545.24,1.36E+11,16874277969,205444901.6,1783182863,10836.83273,209.7252162,1798.02,322.51,6.83
2009/11/1,-1031329654,4378.212278,1256.150244,4.263715692,23.07063632,11484.28577,13.95998843,142.6122832,3.381313449,33.22789498,2.668266764,0.123521738,0.07417642,1.060630259,386.94,2760946867,12900545.24,1.36E+11,16874277969,205444901.6,1783182863,10836.83273,209.7252162,1797.85,322.71,6.86
2009/12/1,-418001391.9,2223.795932,1256.150244,-1.653348252,23.07063632,6168.105395,13.96013197,118.4861373,1.783286873,29.32160006,2.887209717,0.100654523,0.079224871,1.060630259,387.84,2760946867,12900545.24,1.36E+11,16874277969,205444901.6,1783182863,10836.83273,209.7252162,1796.68,322.84,6.89
2010/1/1,-3816290578,2434.786406,1257.292588,-1.276871547,24.9404629,497.8654486,13.96012332,125.7353396,-8.123611305,30.32487453,2.985079768,0.080171218,0.078254644,0.93152987,388.62,2742531940,10483585.99,1.36E+11,17016130122,201099624.8,1712671055,10645.3177,213.7254131,1797.12,322.91,6.92
2010/2/1,-3083325959,3311.226248,1257.292588,2.423545805,24.9404629,2305.541851,13.95436567,154.0086192,-1.823039832,30.03055999,3.877947962,0.121276549,0.078191682,0.93152987,389.33,2742531940,10483585.99,1.36E+11,17016130122,201099624.8,1712671055,10645.3177,213.7254131,1798.76,322.93,6.95
2010/3/1,1914106833,6450.642108,1257.292588,13.77911438,24.9404629,649.3457375,14.06962245,191.1104239,-5.188362107,21.48037948,3.048544274,0.204753642,0.08000154,0.93152987,389.68,2742531940,10483585.99,1.36E+11,17016130122,201099624.8,1712671055,10645.3177,213.7254131,1799.47,322.94,6.98
2010/4/1,-8944564765,10562.88286,1257.292588,19.63228967,24.9404629,406.7019274,14.42673435,232.3066671,-7.928168615,19.96822521,2.649435322,0.246586161,0.082836506,0.93152987,389.98,2742531940,10483585.99,1.36E+11,17016130122,201099624.8,1712671055,10645.3177,213.7254131,1799.59,322.97,6.99
2010/5/1,704768967.2,17141.69421,1257.292588,21.6904152,24.9404629,491.9798799,14.73795921,251.4695099,-7.127202367,18.66746377,1.937279223,0.300850594,0.089909385,0.93152987,389.95,2742531940,10483585.99,1.36E+11,17016130122,201099624.8,1712671055,10645.3177,213.7254131,1797.61,323.01,7.01
2010/6/1,555431301.3,21490.31581,1257.292588,22.11928964,24.9404629,832.7894968,13.9966446,246.1186521,-4.622500852,12.91489132,1.57458276,0.789361183,0.123334154,0.93152987,389.01,2742531940,10483585.99,1.36E+11,17016130122,201099624.8,1712671055,10645.3177,213.7254131,1792.49,323.01,7.03
2010/7/1,5215437869,30028.91572,1257.292588,24.23399594,24.9404629,976.7864927,12.74181542,211.3726233,-2.237502657,3.200609793,1.11527127,1.27847418,0.162314252,0.93152987,387.35,2742531940,10483585.99,1.36E+11,17016130122,201099624.8,1712671055,10645.3177,213.7254131,1789.44,323.02,7.05
2010/8/1,45333038.47,34132.48354,1257.292588,20.84131194,24.9404629,3497.077942,13.51315697,194.8191354,0.071512835,2.804928623,1.039999445,1.602528741,0.175247695,0.93152987,386.23,2742531940,10483585.99,1.36E+11,17016130122,201099624.8,1712671055,10645.3177,213.7254131,1794.07,323.1,7.07
2010/9/1,7187857554,26066.55768,1257.292588,16.6738667,24.9404629,6290.261491,16.43504739,183.4915977,2.454020957,8.855822005,1.196026067,0.776256975,0.137538339,0.93152987,386.7,2742531940,10483585.99,1.36E+11,17016130122,201099624.8,1712671055,10645.3177,213.7254131,1801.86,323.26,7.08
2010/10/1,3480528333,12770.3665,1257.292588,11.79970671,24.9404629,11508.37558,16.75947766,176.1836504,4.121229997,26.94060613,1.169970327,0.339844603,0.098698702,0.93152987,388.25,2742531940,10483585.99,1.36E+11,17016130122,201099624.8,1712671055,10645.3177,213.7254131,1806.61,323.51,7.11
2010/11/1,-4230740448,4580.279377,1257.292588,6.981349407,24.9404629,12328.28629,16.75366798,145.3569021,3.805270638,24.77337382,1.720251264,0.147185377,0.090877023,0.93152987,389.61,2742531940,10483585.99,1.36E+11,17016130122,201099624.8,1712671055,10645.3177,213.7254131,1806.97,323.75,7.13
2010/12/1,-1373989441,1732.223401,1257.292588,0.059725491,24.9404629,8287.490818,16.75426707,120.7047825,1.717998506,16.66147382,2.107193961,0.042521079,0.089947443,0.93152987,390.34,2742531940,10483585.99,1.36E+11,17016130122,201099624.8,1712671055,10645.3177,213.7254131,1803.29,323.92,7.16
2011/1/1,1587827741,2537.889664,1256.35531,-4.663017498,23.99542003,434.9970909,16.75426707,125.8829753,-8.882785623,33.98167693,3.228664657,0.041375371,0.072376222,0.971034881,390.85,2671051598,11043572.09,1.37E+11,16046192461,223370514.4,1570874093,10681.86394,202.0863906,1800.06,324.03,7.18
2011/2/1,-3308134897,3546.538639,1256.35531,1.738222834,23.99542003,2205.397455,16.75098452,157.4544065,-1.981864291,34.14262285,3.634938186,0.086461757,0.071388731,0.971034881,391.28,2671051598,11043572.09,1.37E+11,16046192461,223370514.4,1570874093,10681.86394,202.0863906,1799.99,324.07,7.2
2011/3/1,764002585.3,5931.857432,1256.35531,10.37719501,23.99542003,426.6613654,16.7682565,195.7918502,-5.204836161,34.446394,3.038819147,0.096418493,0.073911218,0.971034881,391.67,2671051598,11043572.09,1.37E+11,16046192461,223370514.4,1570874093,10681.86394,202.0863906,1800.99,324.07,7.23
2011/4/1,-749613434.2,10083.85696,1256.35531,18.66887747,23.99542003,236.7947855,17.33183824,237.660206,-6.99270051,32.10842733,1.492275704,0.131804021,0.07914698,0.971034881,392.05,2671051598,11043572.09,1.37E+11,16046192461,223370514.4,1570874093,10681.86394,202.0863906,1802.92,324.06,7.26
2011/5/1,-289251877.9,17096.83701,1256.35531,22.60631617,23.99542003,1262.13029,19.56441507,251.4012584,-7.183527242,18.91940538,1.232501558,0.271883841,0.090137659,0.971034881,392.07,2671051598,11043572.09,1.37E+11,16046192461,223370514.4,1570874093,10681.86394,202.0863906,1803.31,324.05,7.28
2011/6/1,936965805.2,24672.79967,1256.35531,19.79660143,23.99542003,1032.887601,20.28217698,240.402341,-5.891065695,20.03558745,0.904653582,0.437646784,0.131357934,0.971034881,391.13,2671051598,11043572.09,1.37E+11,16046192461,223370514.4,1570874093,10681.86394,202.0863906,1799.18,324.05,7.29
2011/7/1,3301487825,32408.03665,1256.35531,19.70476349,23.99542003,1884.663081,21.36564376,205.9212542,-2.74666806,6.515705986,1.174626009,0.792864833,0.179702044,0.971034881,389.19,2671051598,11043572.09,1.37E+11,16046192461,223370514.4,1570874093,10681.86394,202.0863906,1796.23,324.05,7.3
2011/8/1,3460440353,33676.75997,1256.35531,22.03744332,23.99542003,4714.116707,14.65586743,210.9384528,0.085245358,4.482201205,0.625639881,0.891177013,0.174729868,0.971034881,387.86,2671051598,11043572.09,1.37E+11,16046192461,223370514.4,1570874093,10681.86394,202.0863906,1799.06,324.1,7.31
2011/9/1,2198754333,25690.6912,1256.35531,17.80997744,23.99542003,9167.720621,15.51619697,196.2583,2.195064205,9.575393771,1.118810016,0.748859326,0.134074354,0.971034881,388.26,2671051598,11043572.09,1.37E+11,16046192461,223370514.4,1570874093,10681.86394,202.0863906,1804.08,324.24,7.33
2011/10/1,3360381772,12144.22518,1256.35531,12.51449661,23.99542003,13933.06524,15.8269769,180.9645886,3.569674776,24.48199625,1.519733478,0.182230178,0.099570509,0.971034881,389.83,2671051598,11043572.09,1.37E+11,16046192461,223370514.4,1570874093,10681.86394,202.0863906,1809.58,324.45,7.37
2011/11/1,-1079672952,4173.438352,1256.35531,7.469186433,23.99542003,9322.933776,15.82224,143.3303712,3.311646034,23.48447309,2.031586075,0.135339732,0.091867121,0.971034881,391.2,2671051598,11043572.09,1.37E+11,16046192461,223370514.4,1570874093,10681.86394,202.0863906,1812.35,324.64,7.41
2011/12/1,-3765049777,1931.484201,1256.35531,0.665068903,23.99542003,7568.47634,15.82224889,120.4497705,1.74152041,14.83992997,3.110221467,0.07454226,0.09153894,0.971034881,392.04,2671051598,11043572.09,1.37E+11,16046192461,223370514.4,1570874093,10681.86394,202.0863906,1810.05,324.77,7.44
2012/1/1,-11221802736,2333.352347,1256.794711,-5.173298691,24.34791908,724.8427268,15.82301227,122.8324802,-9.185834961,34.73435381,3.277263303,0.026709765,0.071316331,1.287057254,392.61,2657241076,10648485.74,1.38E+11,15360171121,204630498.7,1360307203,12904.96803,205.9563933,1807.41,324.9,7.47
2012/2/1,-329382015.7,3678.444691,1256.794711,-0.815199969,24.34791908,1353.809269,15.8229941,153.0718869,-2.503888081,38.87245007,4.134652396,0.075410789,0.06920657,1.287057254,393.2,2657241076,10648485.74,1.38E+11,15360171121,204630498.7,1360307203,12904.96803,205.9563933,1808.34,324.97,7.5
2012/3/1,902394000.1,5638.203671,1256.794711,9.878341203,24.34791908,166.2785124,15.87332632,197.2462115,-5.918733197,38.84277084,3.305137887,0.095587089,0.069173713,1.287057254,393.72,2657241076,10648485.74,1.38E+11,15360171121,204630498.7,1360307203,12904.96803,205.9563933,1810.08,324.95,7.53
2012/4/1,2355064592,9459.098735,1256.794711,12.55309078,24.34791908,427.6056952,16.57939858,224.4648569,-7.365761933,42.58505952,1.574349566,0.122715118,0.062425772,1.287057254,393.99,2657241076,10648485.74,1.38E+11,15360171121,204630498.7,1360307203,12904.96803,205.9563933,1808.5,324.92,7.55
2012/5/1,476234971.6,16889.53683,1256.794711,19.81533603,24.34791908,859.1518762,17.07413771,258.64585,-7.494789351,29.01285007,1.348241495,0.332003677,0.082968583,1.287057254,393.88,2657241076,10648485.74,1.38E+11,15360171121,204630498.7,1360307203,12904.96803,205.9563933,1804.75,324.9,7.57
2012/6/1,3477300506,22098.24395,1256.794711,23.79456286,24.34791908,913.6607269,15.36855334,241.0845495,-5.592293309,11.29077533,1.495192419,1.158489581,0.126725193,1.287057254,392.84,2657241076,10648485.74,1.38E+11,15360171121,204630498.7,1360307203,12904.96803,205.9563933,1801.02,324.86,7.59
2012/7/1,798679366,29588.19589,1256.794711,21.83194011,24.34791908,1709.254652,20.00445951,201.90297,-2.790946214,4.147404913,1.155198634,1.065595039,0.175855309,1.287057254,391,2657241076,10648485.74,1.38E+11,15360171121,204630498.7,1360307203,12904.96803,205.9563933,1799.39,324.87,7.6
2012/8/1,4204157517,33556.47122,1256.794711,18.68776706,24.34791908,3090.736839,16.84515098,194.4221583,0.067623832,4.16946441,0.876581892,1.16923127,0.180710892,1.287057254,389.89,2657241076,10648485.74,1.38E+11,15360171121,204630498.7,1360307203,12904.96803,205.9563933,1803.28,324.97,7.62
2012/9/1,2823904354,25946.27425,1256.794711,18.3811028,24.34791908,6431.420848,13.72433053,200.2718122,2.694976924,8.447361768,1.133301723,0.481578848,0.139588467,1.287057254,390.55,2657241076,10648485.74,1.38E+11,15360171121,204630498.7,1360307203,12904.96803,205.9563933,1810.17,325.12,7.65
2012/10/1,193170056.2,11753.43689,1256.794711,9.646897072,24.34791908,14460.07725,13.67603498,179.5455434,3.712501397,26.89922908,1.670820065,0.041782616,0.096649195,1.287057254,392.16,2657241076,10648485.74,1.38E+11,15360171121,204630498.7,1360307203,12904.96803,205.9563933,1814.85,325.28,7.69
2012/11/1,-544230331.9,4045.383468,1256.794711,3.814943316,24.34791908,10927.45147,13.64109771,142.7869641,3.517446636,25.48579769,2.343725898,0.028935448,0.095641144,1.287057254,393.56,2657241076,10648485.74,1.38E+11,15360171121,204630498.7,1360307203,12904.96803,205.9563933,1815.93,325.43,7.73
2012/12/1,-1316432683,2368.550049,1256.794711,-1.36745612,24.34791908,5058.27335,13.64096329,117.7786997,1.546078487,27.71427392,3.048035456,0.056298391,0.089702782,1.287057254,394.39,2657241076,10648485.74,1.38E+11,15360171121,204630498.7,1360307203,12904.96803,205.9563933,1814.59,325.53,7.75
2013/1/1,-2178749947,2207.942765,1257.829997,-2.342891557,25.54118707,593.8232826,13.64098107,126.9704966,-8.722834982,33.25281063,2.898158281,0.053619318,0.08038525,1.415348295,395.07,2644220726,10591948.68,1.40E+11,13633145037,202329978.9,1303307753,12429.31731,205.7132749,1814.06,325.58,7.78
2013/2/1,1066225099,3745.897845,1257.829997,2.78449176,25.54118707,4194.926406,13.63024478,157.5830196,-1.89759612,40.43558099,3.546315672,0.075826558,0.073786966,1.415348295,395.69,2644220726,10591948.68,1.40E+11,13633145037,202329978.9,1303307753,12429.31731,205.7132749,1814.12,325.62,7.81
2013/3/1,-1752944870,6058.048476,1257.829997,13.38521462,25.54118707,369.0275668,13.66541449,192.2622636,-5.975813432,22.31629635,2.095567812,0.149810752,0.077702128,1.415348295,396.28,2644220726,10591948.68,1.40E+11,13633145037,202329978.9,1303307753,12429.31731,205.7132749,1813.26,325.68,7.83
2013/4/1,-2139130280,11022.02959,1257.829997,17.01350597,25.54118707,329.2080907,14.46684397,229.6869397,-7.616145719,27.24111856,1.825943724,0.14871724,0.075697794,1.415348295,396.74,2644220726,10591948.68,1.40E+11,13633145037,202329978.9,1303307753,12429.31731,205.7132749,1812.83,325.74,7.86
2013/5/1,2230172161,17452.05248,1257.829997,19.57995413,25.54118707,1134.585295,16.4826002,253.5228255,-7.335453135,22.47817068,1.430352213,0.324737637,0.091117827,1.415348295,396.75,2644220726,10591948.68,1.40E+11,13633145037,202329978.9,1303307753,12429.31731,205.7132749,1811.92,325.81,7.88
2013/6/1,-1106827097,25339.41643,1257.829997,28.13450916,25.54118707,734.5466339,15.35153222,250.6523042,-5.022838729,7.245201114,1.112667633,0.629500603,0.136975512,1.415348295,395.96,2644220726,10591948.68,1.40E+11,13633145037,202329978.9,1303307753,12429.31731,205.7132749,1808.62,325.9,7.9
2013/7/1,2993719842,31251.11043,1257.829997,25.73420169,25.54118707,2168.494951,17.0996263,221.886582,-2.721823591,3.139101582,1.001371729,0.81708919,0.176518608,1.415348295,394.47,2644220726,10591948.68,1.40E+11,13633145037,202329978.9,1303307753,12429.31731,205.7132749,1806,325.96,7.92
2013/8/1,3523544895,31935.97297,1257.829997,23.06248671,25.54118707,4201.206692,10.49896624,210.2056347,-0.077761342,3.251374615,0.930079698,0.784317456,0.16364431,1.415348295,393.24,2644220726,10591948.68,1.40E+11,13633145037,202329978.9,1303307753,12429.31731,205.7132749,1808.51,325.98,7.94
2013/9/1,1694610947,23300.88427,1257.829997,16.71125618,25.54118707,6636.150736,11.06911121,201.1347074,2.759036146,16.51942643,0.789348082,0.422072035,0.122421724,1.415348295,393.2,2644220726,10591948.68,1.40E+11,13633145037,202329978.9,1303307753,12429.31731,205.7132749,1814.26,326.05,7.97
2013/10/1,1892537527,12928.48719,1257.829997,12.99996165,25.54118707,13522.83182,13.23845278,173.5357903,3.746770484,26.74867591,1.012517482,0.180002702,0.084371293,1.415348295,394.5,2644220726,10591948.68,1.40E+11,13633145037,202329978.9,1303307753,12429.31731,205.7132749,1818.52,326.2,8
2013/11/1,-2055507013,3963.685492,1257.829997,3.102439978,25.54118707,8169.726574,13.2297735,145.6521582,3.644809062,47.88382563,2.035355711,0.048573021,0.069559443,1.415348295,395.95,2644220726,10591948.68,1.40E+11,13633145037,202329978.9,1303307753,12429.31731,205.7132749,1820.32,326.38,8.04
2013/12/1,-3451378938,2531.271637,1257.829997,-0.631156964,25.54118707,5777.796591,13.2298804,120.2711158,1.261848203,38.41971334,2.338480997,0.047527241,0.080424266,1.415348295,396.87,2644220726,10591948.68,1.40E+11,13633145037,202329978.9,1303307753,12429.31731,205.7132749,1819.35,326.52,8.06
2014/1/1,-5149260933,2803.345557,1255.108965,-2.137553561,22.70881747,476.0513076,13.23018661,123.9192511,-8.374285835,39.94245732,2.746834636,0.055866306,0.073549837,1.797198844,397.51,2649679917,8033646.786,1.40E+11,13177863547,191155833.1,1230510232,11139.06855,206.2315403,1816.82,326.61,8.09
2014/2/1,-5056962682,3797.403201,1255.108965,0.446411343,22.70881747,1559.986721,13.2304115,157.1429826,-1.975273055,41.17197293,3.85553952,0.038597148,0.067612019,1.797198844,397.97,2649679917,8033646.786,1.40E+11,13177863547,191155833.1,1230510232,11139.06855,206.2315403,1816.3,326.66,8.11
2014/3/1,206795988.7,6022.645816,1255.108965,11.48242059,22.70881747,306.917011,13.25210313,191.4552854,-5.391923669,36.13362778,2.752203617,0.065218859,0.071853623,1.797198844,398.27,2649679917,8033646.786,1.40E+11,13177863547,191155833.1,1230510232,11139.06855,206.2315403,1818.09,326.72,8.14
2014/4/1,-389891370,9462.470373,1255.108965,16.56294419,22.70881747,1140.102899,13.91343487,230.565864,-7.630976815,30.25912083,2.428248113,0.148016426,0.078592675,1.797198844,398.63,2649679917,8033646.786,1.40E+11,13177863547,191155833.1,1230510232,11139.06855,206.2315403,1820.88,326.79,8.18
2014/5/1,-184889203.5,16752.3946,1255.108965,22.70566418,22.70881747,583.795832,14.29632446,256.1067779,-7.724894645,18.9235504,1.966990055,0.101506677,0.090456323,1.797198844,398.69,2649679917,8033646.786,1.40E+11,13177863547,191155833.1,1230510232,11139.06855,206.2315403,1821.86,326.82,8.21
2014/6/1,50192947.47,21053.68578,1255.108965,26.89307645,22.70881747,2012.750304,16.20289285,253.1887946,-5.588986344,9.88172782,1.571643592,0.868234279,0.120978232,1.797198844,397.72,2649679917,8033646.786,1.40E+11,13177863547,191155833.1,1230510232,11139.06855,206.2315403,1818.32,326.89,8.23
2014/7/1,69390895.75,32401.88067,1255.108965,24.076768,22.70881747,1154.627788,16.78630457,209.600368,-2.88499294,3.729362424,1.026409522,0.8512866,0.168566055,1.797198844,396.13,2649679917,8033646.786,1.40E+11,13177863547,191155833.1,1230510232,11139.06855,206.2315403,1815.54,327.03,8.26
2014/8/1,4643552726,31548.75626,1255.108965,19.63900581,22.70881747,2694.422266,18.09384018,200.4223559,-0.143372919,4.506935716,1.04804638,0.990802443,0.174904448,1.797198844,395.02,2649679917,8033646.786,1.40E+11,13177863547,191155833.1,1230510232,11139.06855,206.2315403,1819.67,327.19,8.28
2014/9/1,5435365624,23412.42574,1255.108965,18.030232,22.70881747,7123.549516,17.36168552,194.8898855,2.517902842,13.67889239,1.008652131,0.716921232,0.131930944,1.797198844,395.12,2649679917,8033646.786,1.40E+11,13177863547,191155833.1,1230510232,11139.06855,206.2315403,1826.82,327.34,8.32
2014/10/1,-1950932395,11427.25541,1255.108965,11.42292604,22.70881747,12308.81951,17.18193971,177.7988676,3.620869465,29.16607326,1.571702415,0.211222595,0.08088915,1.797198844,396.38,2649679917,8033646.786,1.40E+11,13177863547,191155833.1,1230510232,11139.06855,206.2315403,1831.2,327.52,8.35
2014/11/1,-556793915.2,4330.169659,1255.108965,5.729856424,22.70881747,12629.74137,17.16273584,143.2568783,3.146684415,26.69135472,2.863434315,0.094703913,0.087891204,1.797198844,397.86,2649679917,8033646.786,1.40E+11,13177863547,191155833.1,1230510232,11139.06855,206.2315403,1833,327.72,8.39
2014/12/1,337139716.2,2251.740751,1255.108965,-0.776778172,22.70881747,6496.501992,17.16277787,117.1354786,1.543137239,25.45028744,2.931767838,0.048979928,0.081116572,1.797198844,398.83,2649679917,8033646.786,1.40E+11,13177863547,191155833.1,1230510232,11139.06855,206.2315403,1833.51,327.87,8.42
2015/1/1,-3779582165,2845.467651,1254.494272,-5.1430296,22.17737403,722.2412015,17.16311636,120.9173282,-8.857283651,46.74756338,2.616450408,0.057032597,0.052022847,1.308360294,399.56,2612069312,7810190.793,1.41E+11,12794415755,209513550.6,1138011566,10992.93921,251.0431161,1833.08,327.98,8.44
2015/2/1,-4249170872,3542.008016,1254.494272,2.813146594,22.17737403,3298.584386,17.16666346,152.9805561,-1.884167945,33.85301053,3.140336247,0.080273393,0.072261671,1.308360294,400.12,2612069312,7810190.793,1.41E+11,12794415755,209513550.6,1138011566,10992.93921,251.0431161,1832.97,328.04,8.47
2015/3/1,631229535.1,6270.89767,1254.494272,11.0961445,22.17737403,606.1393133,17.20178782,189.5107444,-5.060017803,31.48279036,2.967040993,0.066222096,0.074268771,1.308360294,400.57,2612069312,7810190.793,1.41E+11,12794415755,209513550.6,1138011566,10992.93921,251.0431161,1833.21,328.04,8.5
2015/4/1,979512290.2,9973.084038,1254.494272,17.16271044,22.17737403,328.1367147,17.95564538,230.4275835,-7.612933346,32.19131357,1.472500337,0.115473273,0.072238767,1.308360294,400.96,2612069312,7810190.793,1.41E+11,12794415755,209513550.6,1138011566,10992.93921,251.0431161,1833.16,327.97,8.52
2015/5/1,-1296807073,16812.35977,1254.494272,20.67010301,22.17737403,891.9957769,18.27614698,255.5014462,-7.43054446,21.59412155,1.600802097,0.315064311,0.089686933,1.308360294,400.91,2612069312,7810190.793,1.41E+11,12794415755,209513550.6,1138011566,10992.93921,251.0431161,1831.65,327.92,8.54
2015/6/1,232237932.4,23703.42389,1254.494272,20.74841066,22.17737403,1238.187445,17.03928165,243.8266318,-5.314710917,17.13771139,1.312239614,0.667848335,0.123000534,1.308360294,400.06,2612069312,7810190.793,1.41E+11,12794415755,209513550.6,1138011566,10992.93921,251.0431161,1827.26,327.95,8.56
2015/7/1,2537715845,32290.67813,1254.494272,28.22225719,22.17737403,1758.189006,11.0603272,250.9597638,-2.859395357,4.04395211,1.326018725,0.412985805,0.156924873,1.308360294,398.38,2612069312,7810190.793,1.41E+11,12794415755,209513550.6,1138011566,10992.93921,251.0431161,1824.71,328.03,8.57
2015/8/1,1919009184,31892.59594,1254.494272,22.73215273,22.17737403,2695.924124,9.18026702,213.1374053,0.004424937,5.061347185,0.996403548,0.938562987,0.161551563,1.308360294,397.07,2612069312,7810190.793,1.41E+11,12794415755,209513550.6,1138011566,10992.93921,251.0431161,1829.14,328.12,8.6
2015/9/1,-235622188.7,22407.03164,1254.494272,23.68675547,22.17737403,6628.895597,9.682264567,210.3819894,2.297531823,5.989449027,1.854312765,0.952932424,0.129974,1.308360294,397.34,2612069312,7810190.793,1.41E+11,12794415755,209513550.6,1138011566,10992.93921,251.0431161,1836.26,328.24,8.63
2015/10/1,-1621168950,10363.53904,1254.494272,16.24546468,22.17737403,8689.082426,11.42023434,180.5922701,3.482838411,8.823646782,1.338292719,0.20380855,0.108545768,1.308360294,398.8,2612069312,7810190.793,1.41E+11,12794415755,209513550.6,1138011566,10992.93921,251.0431161,1841.43,328.42,8.67
2015/11/1,-2534059222,3596.372102,1254.494272,8.232955082,22.17737403,10340.69022,11.37903714,140.7388376,3.255033418,10.57310291,2.845960514,0.11224415,0.099555295,1.308360294,400.36,2612069312,7810190.793,1.41E+11,12794415755,209513550.6,1138011566,10992.93921,251.0431161,1844.66,328.61,8.71
2015/12/1,-455477383.7,1728.985155,1254.494272,-0.253119632,22.17737403,4827.090848,11.37977933,116.7583697,1.727704814,15.27890717,2.529739214,0.055222445,0.091480239,1.308360294,401.66,2612069312,7810190.793,1.41E+11,12794415755,209513550.6,1138011566,10992.93921,251.0431161,1844.9,328.77,8.74
2016/1/1,-166708829.4,2135.399364,1258.027871,-1.778993309,25.97330685,404.0102343,7.827299788,120.8103612,-8.678682038,24.95809438,2.623983527,0.05831968,0.084147865,1.616601464,402.64,2541165783,7352509.843,1.41E+11,12404394858,211690900.4,1061368180,11053.84941,293.4437999,1842.46,328.87,8.77
2016/2/1,-1251408657,2950.476434,1258.027871,5.974644154,25.97330685,1810.82098,7.831681052,157.8789581,-1.605762253,21.78763891,3.014647947,0.078705722,0.084851152,1.616601464,403.27,2541165783,7352509.843,1.41E+11,12404394858,211690900.4,1061368180,11053.84941,293.4437999,1841.62,328.9,8.8
2016/3/1,-560207727.3,4976.213821,1258.027871,13.55032523,25.97330685,220.7234784,7.847074444,191.3739502,-5.215520117,16.56148537,2.691777088,0.11263214,0.081143016,1.616601464,403.86,2541165783,7352509.843,1.41E+11,12404394858,211690900.4,1061368180,11053.84941,293.4437999,1843.02,328.88,8.83
2016/4/1,-751599325.7,9001.851387,1258.027871,17.404358,25.97330685,305.5733939,8.005070037,230.2100568,-6.463467753,20.73930681,2.530402754,0.162880529,0.077254887,1.616601464,404.39,2541165783,7352509.843,1.41E+11,12404394858,211690900.4,1061368180,11053.84941,293.4437999,1843.75,328.88,8.86
2016/5/1,24242608.96,16421.59734,1258.027871,22.09329255,25.97330685,546.0536995,8.487352653,252.031815,-7.203396039,19.64037114,1.41589361,0.217291689,0.086377518,1.616601464,404.45,2541165783,7352509.843,1.41E+11,12404394858,211690900.4,1061368180,11053.84941,293.4437999,1842.11,328.91,8.89
2016/6/1,-1916083486,26908.71356,1258.027871,23.50534905,25.97330685,817.7430025,10.81904062,234.5039004,-4.94290157,10.28472748,1.151353964,0.392656885,0.127507872,1.616601464,403.66,2541165783,7352509.843,1.41E+11,12404394858,211690900.4,1061368180,11053.84941,293.4437999,1837.85,328.91,8.9
2016/7/1,4290135111,34134.68237,1258.027871,23.62512852,25.97330685,1697.074962,14.57509819,205.2034929,-2.286043292,3.824442493,0.899980075,0.542276449,0.173204744,1.616601464,402.11,2541165783,7352509.843,1.41E+11,12404394858,211690900.4,1061368180,11053.84941,293.4437999,1834.17,328.84,8.91
2016/8/1,5134875645,33464.10627,1258.027871,18.92700952,25.97330685,4668.3992,9.979926452,185.3154515,-0.050173551,3.645111792,1.157036969,0.544190697,0.173739183,1.616601464,400.8,2541165783,7352509.843,1.41E+11,12404394858,211690900.4,1061368180,11053.84941,293.4437999,1836.67,328.78,8.92
2016/9/1,4144425368,24575.54799,1258.027871,17.15206343,25.97330685,7323.448688,9.625084193,192.4439261,2.603274167,14.08237755,0.858342337,0.42387478,0.134574215,1.616601464,400.99,2541165783,7352509.843,1.41E+11,12404394858,211690900.4,1061368180,11053.84941,293.4437999,1844.19,328.86,8.94
2016/10/1,-436848002.1,14167.47949,1258.027871,12.13693088,25.97330685,14581.14305,8.987896346,173.8016909,3.779067284,17.60749204,1.846512788,0.18718756,0.101101838,1.616601464,402.42,2541165783,7352509.843,1.41E+11,12404394858,211690900.4,1061368180,11053.84941,293.4437999,1849.88,329.05,8.99
2016/11/1,-3629581098,4319.639544,1258.027871,6.615983779,25.97330685,9217.691894,8.979696265,140.9451607,3.565382136,15.55566357,2.725674632,0.084441831,0.097546925,1.616601464,403.78,2541165783,7352509.843,1.41E+11,12404394858,211690900.4,1061368180,11053.84941,293.4437999,1851.42,329.23,9.03
2016/12/1,-4507382461,2042.740479,1258.027871,3.154538011,25.97330685,6352.722498,8.978042502,117.6410831,1.614715877,13.88941799,2.815245262,0.080759672,0.092841724,1.616601464,404.69,2541165783,7352509.843,1.41E+11,12404394858,211690900.4,1061368180,11053.84941,293.4437999,1851.06,329.36,9.07
2017/1/1,-5794929377,2328.462463,1257.974221,-3.064423437,25.64830533,447.1779418,8.977481943,120.6679655,-8.344528868,26.7743912,2.944876708,0.06091045,0.076844393,1.690732985,405.33,2473165163,7680963.231,1.42E+11,12205840747,237389012.7,1210747838,11754.01345,301.1417786,1849.69,329.46,9.1
2017/2/1,1990989116,3236.487635,1257.974221,4.456268143,25.64830533,1727.031629,8.975678824,154.5165737,-1.449733755,27.36216401,3.244040705,0.072967862,0.081080382,1.690732985,405.91,2473165163,7680963.231,1.42E+11,12205840747,237389012.7,1210747838,11754.01345,301.1417786,1848.37,329.52,9.13
2017/3/1,-3087116801,6044.116647,1257.974221,9.374973435,25.64830533,209.0341395,8.998242666,188.9641673,-5.4732736,37.70427377,2.85483306,0.088781189,0.067280461,1.690732985,406.32,2473165163,7680963.231,1.42E+11,12205840747,237389012.7,1210747838,11754.01345,301.1417786,1848.19,329.54,9.17
2017/4/1,7831947515,10592.1151,1257.974221,19.06407332,25.64830533,330.8467306,9.392849942,229.7044914,-6.7987541,24.46488926,2.228370536,0.165776404,0.082136646,1.690732985,406.6,2473165163,7680963.231,1.42E+11,12205840747,237389012.7,1210747838,11754.01345,301.1417786,1848.54,329.53,9.2
2017/5/1,-1770023898,18539.6619,1257.974221,20.55666743,25.64830533,472.376774,9.289588043,243.2736423,-6.761766188,26.20963523,1.133293533,0.222784181,0.09112245,1.690732985,406.64,2473165163,7680963.231,1.42E+11,12205840747,237389012.7,1210747838,11754.01345,301.1417786,1847.12,329.52,9.23
2017/6/1,7445487799,25788.18618,1257.974221,18.65779408,25.64830533,2322.591932,10.63050198,241.324095,-5.652319586,22.11157893,1.078822867,0.379796686,0.129160923,1.690732985,405.85,2473165163,7680963.231,1.42E+11,12205840747,237389012.7,1210747838,11754.01345,301.1417786,1842.95,329.58,9.24
2017/7/1,5175076601,34271.19519,1257.974221,20.16516195,25.64830533,2150.536029,11.43823407,192.1881707,-2.486810324,4.019870766,1.315801859,0.545781916,0.179789702,1.690732985,404.11,2473165163,7680963.231,1.42E+11,12205840747,237389012.7,1210747838,11754.01345,301.1417786,1840.41,329.7,9.26
2017/8/1,9365971896,34072.69836,1257.974221,19.80749741,25.64830533,3797.19492,13.12895522,190.8937434,-0.109018237,2.826601804,0.907418965,0.546175789,0.180271543,1.690732985,402.57,2473165163,7680963.231,1.42E+11,12205840747,237389012.7,1210747838,11754.01345,301.1417786,1844.61,329.79,9.29
2017/9/1,7648681567,25062.52189,1257.974221,18.90084061,25.64830533,7424.032733,10.63741966,187.8283167,2.161883485,13.21079722,1.27790947,0.406461478,0.140569817,1.690732985,402.66,2473165163,7680963.231,1.42E+11,12205840747,237389012.7,1210747838,11754.01345,301.1417786,1852.74,329.87,9.32
2017/10/1,571527070.2,14547.69876,1257.974221,14.91299245,25.64830533,13005.67422,10.14844021,176.4054588,3.736895188,14.64089802,1.546281392,0.177298415,0.106851332,1.690732985,404.16,2473165163,7680963.231,1.42E+11,12205840747,237389012.7,1210747838,11754.01345,301.1417786,1858.02,330.01,9.35
2017/11/1,-1333355441,4336.033025,1257.974221,6.079354993,25.64830533,12981.13501,10.10556828,141.4521161,3.484569622,21.34518663,2.082223637,0.085103908,0.093074621,1.690732985,405.7,2473165163,7680963.231,1.42E+11,12205840747,237389012.7,1210747838,11754.01345,301.1417786,1858.5,330.15,9.39
2017/12/1,-3589048431,1986.387885,1257.974221,1.619768728,25.64830533,5694.184132,10.1021733,118.6013305,1.957799604,15.46898617,3.06571036,0.080323851,0.092532432,1.690732985,406.75,2473165163,7680963.231,1.42E+11,12205840747,237389012.7,1210747838,11754.01345,301.1417786,1856.52,330.29,9.42
2018/1/1,-3442569965,1993.547916,1258.529101,-0.292618627,26.62422712,373.1077965,10.1021733,124.1318271,-7.964846318,17.55203707,3.722789894,0.059556095,0.087654186,1.702228663,407.56,2439705993,7724712.145,1.42E+11,12008495452,234023038.5,1140866015,11784.82684,306.7306121,1854.45,330.45,9.45
2018/2/1,-1587920213,2607.486601,1258.529101,3.885909185,26.62422712,1643.311984,10.09940924,152.9875994,-2.566869526,20.22769637,3.567853732,0.084014203,0.083930148,1.702228663,408.23,2439705993,7724712.145,1.42E+11,12008495452,234023038.5,1140866015,11784.82684,306.7306121,1854.95,330.6,9.48
2018/3/1,-932068573.9,5621.48254,1258.529101,14.76315348,26.62422712,423.7946798,10.10146136,189.9917634,-5.6631092,23.29481833,1.88886744,0.114437134,0.080570877,1.702228663,408.77,2439705993,7724712.145,1.42E+11,12008495452,234023038.5,1140866015,11784.82684,306.7306121,1856.88,330.69,9.51
2018/4/1,2033405145,10963.1865,1258.529101,21.40764079,26.62422712,516.1645103,10.13125221,231.601525,-8.089803149,18.89647504,1.359806135,0.152005183,0.085621858,1.702228663,409.08,2439705993,7724712.145,1.42E+11,12008495452,234023038.5,1140866015,11784.82684,306.7306121,1856.71,330.71,9.53
2018/5/1,1111657422,16819.43685,1258.529101,23.3796209,26.62422712,689.6626066,9.825674671,256.1332725,-7.086744794,16.34023025,1.560354151,0.206225584,0.097968807,1.702228663,408.94,2439705993,7724712.145,1.42E+11,12008495452,234023038.5,1140866015,11784.82684,306.7306121,1854.81,330.69,9.55
2018/6/1,3490236298,22742.84135,1258.529101,25.0960125,26.62422712,1272.955234,9.387147327,237.9924652,-5.005348936,9.114548833,1.248215915,0.3771209,0.136081377,1.702228663,408.06,2439705993,7724712.145,1.42E+11,12008495452,234023038.5,1140866015,11784.82684,306.7306121,1852.03,330.7,9.58
2018/7/1,3744303674,33570.27925,1258.529101,22.364399,26.62422712,1871.83103,12.98762677,195.0673647,-2.56153118,3.891340783,1.043540826,0.54502771,0.178915748,1.702228663,406.47,2439705993,7724712.145,1.42E+11,12008495452,234023038.5,1140866015,11784.82684,306.7306121,1849.1,330.75,9.61
2018/8/1,6634027804,33422.10171,1258.529101,19.3129153,26.62422712,2351.718604,14.15980714,176.4714858,-0.105697627,3.223867358,1.216257111,0.56042288,0.183171202,1.702228663,405.1,2439705993,7724712.145,1.42E+11,12008495452,234023038.5,1140866015,11784.82684,306.7306121,1851.9,330.88,9.63
2018/9/1,6674546249,24456.33557,1258.529101,15.85871867,26.62422712,6797.262298,11.77251031,180.4567584,2.579055226,14.90199274,1.043166011,0.375318535,0.135559397,1.702228663,405.17,2439705993,7724712.145,1.42E+11,12008495452,234023038.5,1140866015,11784.82684,306.7306121,1860.49,331.08,9.66
2018/10/1,787717130.7,11672.03698,1258.529101,8.87797379,26.62422712,13674.27707,11.65950108,177.1425531,3.777224564,31.16905925,1.405884802,0.151553902,0.095396948,1.702228663,406.65,2439705993,7724712.145,1.42E+11,12008495452,234023038.5,1140866015,11784.82684,306.7306121,1865.78,331.28,9.71
2018/11/1,-6009268210,4317.791343,1258.529101,3.836254115,26.62422712,13259.69035,11.62738951,137.5302459,3.52963979,36.14791808,2.535698874,0.071836165,0.081242603,1.702228663,408.13,2439705993,7724712.145,1.42E+11,12008495452,234023038.5,1140866015,11784.82684,306.7306121,1866.25,331.48,9.75
2018/12/1,-5387412045,2242.927036,1258.529101,-2.983557549,26.62422712,6818.985731,11.62734506,115.0502263,1.662423899,39.46429049,2.363039686,0.050216716,0.076928525,1.702228663,409.18,2439705993,7724712.145,1.42E+11,12008495452,234023038.5,1140866015,11784.82684,306.7306121,1866.04,331.68,9.78
2019/1/1,-2790682204,2681.689064,1256.602755,-5.668033279,24.23845193,958.5177329,11.62734506,116.8547558,-8.765357577,52.05501124,2.742763833,0.053999913,0.06295697,1.757408269,409.92,2332479424,8934201.361,1.42E+11,11697978446,240643931.9,1103404829,11804.45039,312.5728202,1865,331.79,9.8
2019/2/1,136387056.8,4048.395198,1256.602755,-1.071989547,24.23845193,2017.701419,11.63208486,151.5660695,-1.865145904,58.49370722,3.617122683,0.07211902,0.061864978,1.757408269,410.34,2332479424,8934201.361,1.42E+11,11697978446,240643931.9,1103404829,11804.45039,312.5728202,1865.01,331.75,9.82
2019/3/1,485201282.5,6081.11164,1256.602755,8.487625084,24.23845193,410.2835787,11.63468715,201.3181574,-4.828980829,56.71014067,2.434486125,0.088806675,0.063572317,1.757408269,410.89,2332479424,8934201.361,1.42E+11,11697978446,240643931.9,1103404829,11804.45039,312.5728202,1866.32,331.67,9.85
2019/4/1,1966479923,11430.69033,1256.602755,19.06994926,24.23845193,1050.169468,12.09393233,237.9992381,-8.155199633,36.57289917,1.670528607,0.174326736,0.0803251,1.757408269,411.33,2332479424,8934201.361,1.42E+11,11697978446,240643931.9,1103404829,11804.45039,312.5728202,1865.34,331.62,9.88
2019/5/1,3720549006,16666.33933,1256.602755,19.6902595,24.23845193,987.8349226,11.07696436,252.4980903,-7.508589204,22.53761999,1.812312279,0.234920242,0.095069987,1.757408269,411.34,2332479424,8934201.361,1.42E+11,11697978446,240643931.9,1103404829,11804.45039,312.5728202,1861.94,331.64,9.9
2019/6/1,1812750945,21855.49907,1256.602755,23.4048041,24.23845193,1738.172468,10.63917557,250.9154944,-5.848619524,13.11344884,1.5786612,0.381677026,0.125445296,1.757408269,410.53,2332479424,8934201.361,1.42E+11,11697978446,240643931.9,1103404829,11804.45039,312.5728202,1858.59,331.74,9.93
2019/7/1,2971223805,30901.41912,1256.602755,21.16825648,24.23845193,1730.227484,11.08128105,217.3291641,-2.238259024,8.47474846,1.112177355,0.508006356,0.166039738,1.757408269,408.88,2332479424,8934201.361,1.42E+11,11697978446,240643931.9,1103404829,11804.45039,312.5728202,1858,331.85,9.96
2019/8/1,2483526718,33733.94912,1256.602755,22.55435915,24.23845193,3094.226107,8.809762851,204.2632973,-0.193634205,3.485869306,0.738581186,0.586336776,0.177477024,1.757408269,407.64,2332479424,8934201.361,1.42E+11,11697978446,240643931.9,1103404829,11804.45039,312.5728202,1862.85,331.89,9.98
2019/9/1,2148193393,25106.23899,1256.602755,19.55536443,24.23845193,5908.283379,7.810458679,198.4064853,2.302767817,9.194672867,1.115836311,0.408026602,0.137015315,1.757408269,407.92,2332479424,8934201.361,1.42E+11,11697978446,240643931.9,1103404829,11804.45039,312.5728202,1870.81,331.93,10
2019/10/1,-735942987.7,12847.5486,1256.602755,11.15277404,24.23845193,14242.28111,7.500660037,173.5727631,3.397446788,20.69468871,1.784577981,0.16815946,0.100921362,1.757408269,409.44,2332479424,8934201.361,1.42E+11,11697978446,240643931.9,1103404829,11804.45039,312.5728202,1875.42,332.08,10.03
2019/11/1,-3932872221,5055.448946,1256.602755,4.886301908,24.23845193,10409.10466,7.408134459,136.0412586,3.550100744,26.18853815,3.049748399,0.097817718,0.088880395,1.757408269,410.87,2332479424,8934201.361,1.42E+11,11697978446,240643931.9,1103404829,11804.45039,312.5728202,1875.59,332.26,10.07
2019/12/1,-9457814972,2267.330201,1256.602755,-3.53540805,24.23845193,7103.051935,7.408134459,118.3777702,1.761574072,37.18028575,2.304669407,0.042427714,0.068877567,1.757408269,411.76,2332479424,8934201.361,1.42E+11,11697978446,240643931.9,1103404829,11804.45039,312.5728202,1874.63,332.4,10.1
2020/1/1,-8144232563,2988.461255,1258.963265,-7.064570394,26.4526656,1179.776088,7.408134459,117.9683315,-8.744459445,53.53422606,2.690723242,0.060628911,0.048372355,2.00792129,412.43,2299296882,9850909.38,1.42E+11,11504466229,231517908.4,1221810929,11825.83786,318.1923289,1872.92,332.5,10.12
2020/2/1,741104202.9,3799.268419,1258.963265,2.323267144,26.4526656,1993.486268,7.410986581,160.3269134,-1.464699809,47.10291347,1.936648669,0.071085121,0.062070449,2.00792129,412.95,2299296882,9850909.38,1.42E+11,11504466229,231517908.4,1221810929,11825.83786,318.1923289,1872.27,332.56,10.15
2020/3/1,-2654158578,6242.563706,1258.963265,9.57765459,26.4526656,258.2333363,7.438025359,191.8466754,-5.541600551,36.90984149,2.528537118,0.111483206,0.070212363,2.00792129,413.44,2299296882,9850909.38,1.42E+11,11504466229,231517908.4,1221810929,11825.83786,318.1923289,1874.4,332.63,10.18
2020/4/1,8479462217,9793.545582,1258.963265,18.10036522,26.4526656,301.2019682,7.68589667,225.4326315,-7.508641878,33.01316932,1.263391006,0.135136397,0.074572842,2.00792129,413.86,2299296882,9850909.38,1.42E+11,11504466229,231517908.4,1221810929,11825.83786,318.1923289,1875.81,332.71,10.2
2020/5/1,3073997506,16901.02537,1258.963265,19.64577964,26.4526656,580.23928,8.457688692,248.0096303,-7.75497215,25.27273048,1.24254511,0.210258082,0.085919309,2.00792129,413.81,2299296882,9850909.38,1.42E+11,11504466229,231517908.4,1221810929,11825.83786,318.1923289,1874.4,332.78,10.23
2020/6/1,3481902330,24746.35954,1258.963265,21.97680596,26.4526656,982.4842356,11.32222984,241.7166106,-5.475208167,16.08238595,1.520189918,0.469522676,0.134981355,2.00792129,412.88,2299296882,9850909.38,1.42E+11,11504466229,231517908.4,1221810929,11825.83786,318.1923289,1871.99,332.88,10.26
2020/7/1,2962225485,29613.07574,1258.963265,23.86927145,26.4526656,2547.02909,12.91413513,211.5961498,-3.107832456,3.815962947,1.242444281,0.650706001,0.179992251,2.00792129,411.17,2299296882,9850909.38,1.42E+11,11504466229,231517908.4,1221810929,11825.83786,318.1923289,1871.48,333.02,10.28
2020/8/1,3902018672,34199.88775,1258.963265,24.26706285,26.4526656,3644.203323,10.26660789,208.840444,-0.418536279,2.708132663,0.768045136,0.747831861,0.181960111,2.00792129,409.73,2299296882,9850909.38,1.42E+11,11504466229,231517908.4,1221810929,11825.83786,318.1923289,1876.36,333.15,10.3
2020/9/1,540848019.9,23838.74249,1258.963265,23.26468894,26.4526656,7578.581642,7.891881792,201.7268708,2.327959141,2.756209481,1.506510518,0.48486465,0.141209962,2.00792129,410,2299296882,9850909.38,1.42E+11,11504466229,231517908.4,1221810929,11825.83786,318.1923289,1884.57,333.26,10.32
2020/10/1,-695158565.9,11826.91873,1258.963265,15.61447154,26.4526656,12598.57784,6.565859115,188.9399617,3.661801949,2.125443589,2.483522686,0.178331931,0.111831751,2.00792129,411.66,2299296882,9850909.38,1.42E+11,11504466229,231517908.4,1221810929,11825.83786,318.1923289,1890,333.42,10.36
2020/11/1,-4014062722,3675.543813,1258.963265,4.380321216,26.4526656,9808.986192,6.521743203,135.3573988,3.591129076,11.16378909,2.916442335,0.082641292,0.094748437,2.00792129,413.25,2299296882,9850909.38,1.42E+11,11504466229,231517908.4,1221810929,11825.83786,318.1923289,1891.45,333.6,10.39
2020/12/1,-5066810908,1932.103466,1258.963265,-0.810721854,26.4526656,4527.627588,6.518308931,118.3463044,1.931594279,16.74787016,3.417744172,0.058712969,0.09358536,2.00792129,414.14,2299296882,9850909.38,1.42E+11,11504466229,231517908.4,1221810929,11825.83786,318.1923289,1890.99,333.76,10.42
2021/1/1,-5280372155,1820.315623,1258.858514,-0.314820778,26.32741138,828.5354917,6.511312551,121.9011327,-8.130185027,16.25846836,3.058880757,0.057143118,0.090375408,0.258216426,414.74,2335385698,12318348.15,1.42E+11,11329651625,233379592.9,1198269975,10244.76361,315.345458,1888.62,333.88,10.46
2021/2/1,-91987341.2,2428.083229,1258.858514,6.448263528,26.32741138,1744.660849,6.495312952,153.6107223,-1.414155571,15.4587296,2.42697838,0.069813912,0.089203231,0.272074802,415.2,2335385698,12318348.15,1.42E+11,11329651625,233379592.9,1198269975,10244.76361,315.345458,1886.63,333.96,10.48
2021/3/1,2125101421,4323.490225,1258.858514,12.86159213,26.32741138,263.369195,6.478663038,189.9853463,-5.834970004,9.85983469,2.849671729,0.105437724,0.087170788,0.275080503,415.49,2335385698,12318348.15,1.42E+11,11329651625,233379592.9,1198269975,10244.76361,315.345458,1888.01,334.01,10.52
2021/4/1,4237716371,8373.546141,1258.858514,16.22582343,26.32741138,630.9773641,6.406965057,228.5743908,-8.027729779,29.59008294,2.30538104,0.119799332,0.083908267,0.324326226,415.81,2335385698,12318348.15,1.42E+11,11329651625,233379592.9,1198269975,10244.76361,315.345458,1890.81,334.06,10.56
2021/5/1,384921875.8,17830.82025,1258.858514,19.71665236,26.32741138,1247.165197,6.530860943,251.3392983,-6.940664032,28.1738082,1.179572448,0.259457412,0.087606953,0.355368972,416.01,2335385698,12318348.15,1.42E+11,11329651625,233379592.9,1198269975,10244.76361,315.345458,1891.26,334.1,10.6
2021/6/1,2585975096,27421.30338,1258.858514,21.16989536,26.32741138,1753.412821,7.504124343,247.9923788,-4.751373619,13.53677443,1.152100716,0.571670137,0.138408562,6218.483063,415.2,2335385698,12318348.15,1.42E+11,11329651625,233379592.9,1198269975,10244.76361,315.345458,1888.1,334.12,10.63
2021/7/1,1195367775,33586.30059,1258.858514,24.61645488,26.32741138,1660.893042,7.334160199,220.3634387,-3.077630045,2.959214575,1.019355834,0.698002838,0.179524891,0.332943137,413.45,2335385698,12318348.15,1.42E+11,11329651625,233379592.9,1198269975,10244.76361,315.345458,1885.99,334.15,10.64
2021/8/1,3636088439,32828.99622,1258.858514,20.0474461,26.32741138,3812.725412,9.46555427,207.294655,-0.176567399,3.990024395,1.047986837,0.815893302,0.177653318,0.402122346,412.15,2335385698,12318348.15,1.42E+11,11329651625,233379592.9,1198269975,10244.76361,315.345458,1892.29,334.23,10.67
2021/9/1,2352922688,24476.52261,1258.858514,19.72058251,26.32741138,7167.869784,8.702496278,197.3931593,2.553382138,10.0286158,0.772444369,0.521090624,0.141686337,0.311701296,412.38,2335385698,12318348.15,1.42E+11,11329651625,233379592.9,1198269975,10244.76361,315.345458,1902.44,334.41,10.7
2021/10/1,1104831292,14556.97232,1258.858514,14.03581437,26.32741138,11973.88627,7.622756766,177.4979181,3.910651711,20.30522358,2.003960186,0.231424554,0.108002917,0.405724967,413.83,2335385698,12318348.15,1.42E+11,11329651625,233379592.9,1198269975,10244.76361,315.345458,1907.92,334.63,10.74
2021/11/1,-3873373658,4296.622815,1258.858514,3.563018002,26.32741138,11228.45847,7.581449464,142.2204747,3.535236778,25.67759518,2.349577662,0.08354018,0.074865944,0.381162697,415.58,2335385698,12318348.15,1.42E+11,11329651625,233379592.9,1198269975,10244.76361,315.345458,1909.2,334.85,10.79
2021/12/1,-7951120529,2367.283197,1258.858514,-6.922449136,26.32741138,7181.352326,7.580927243,116.2630938,1.736017647,32.22759403,2.044740675,0.065515274,0.049787398,0.441512336,416.6,2335385698,12318348.15,1.42E+11,11329651625,233379592.9,1198269975,10244.76361,315.345458,1907.97,335.05,10.82
2022/1/1,-1578954890,2712.677024,1260.12625,-7.372327218,28.24936598,779.4802895,7.580927243,121.3529743,-8.917068192,38.09295787,2.276107571,0.066386744,0.044279934,0.338047192,417.18,2347667027,8133932.759,1.42E+11,11261526489,157334557,1168114858,10331.91204,316.345458,1906.33,335.22,10.85
2022/2/1,1945114653,3666.378284,1260.12625,-2.697413374,28.24936598,2522.711959,7.580969882,151.2355979,-1.846152354,48.39721684,2.632416204,0.072793269,0.049392657,0.383133751,417.64,2347667027,8133932.759,1.42E+11,11261526489,157334557,1168114858,10331.91204,316.345458,1906.39,335.31,10.88
2022/3/1,-6039972455,7342.930761,1260.12625,15.88709807,28.24936598,295.9981297,7.584016995,203.4013789,-5.198770253,20.04551104,2.739737312,0.119504547,0.078752387,0.376331316,418.16,2347667027,8133932.759,1.42E+11,11261526489,157334557,1168114858,10331.91204,316.345458,1907.79,335.38,10.92
2022/4/1,7350666341,9757.3845,1260.12625,20.13800002,28.24936598,378.6266206,7.545528516,226.2390205,-7.551601122,11.771655,2.273822068,0.145541131,0.086381172,0.413523745,418.58,2347667027,8133932.759,1.42E+11,11261526489,157334557,1168114858,10331.91204,316.345458,1908.85,335.43,10.96
2022/5/1,-270945178.5,19236.29266,1260.12625,22.13209923,28.24936598,1942.77063,7.290779824,240.5685075,-8.525923034,16.68954234,1.079639428,0.303568705,0.100207426,0.387074606,418.45,2347667027,8133932.759,1.42E+11,11261526489,157334557,1168114858,10331.91204,316.345458,1907.47,335.45,10.99
2022/6/1,7289828849,26008.9698,1260.12625,24.33666886,28.24936598,576.2473686,7.682743308,241.3566238,-4.354090182,9.090126705,1.377160876,0.590439728,0.141142501,0.231183075,417.43,2347667027,8133932.759,1.42E+11,11261526489,157334557,1168114858,10331.91204,316.345458,1904.86,335.47,11.01
2022/7/1,1004122086,33134.97258,1260.12625,28.18895821,28.24936598,2437.201279,6.060469074,234.2422051,-2.111606907,2.152207481,0.892980724,0.635034813,0.167591824,0.110356264,415.67,2347667027,8133932.759,1.42E+11,11261526489,157334557,1168114858,10331.91204,316.345458,1904.02,335.54,11.03
2022/8/1,3296215661,35591.89131,1260.12625,23.07053477,28.24936598,4456.836304,6.093959572,198.0035003,0.341427369,1.920958188,0.967087206,0.995508634,0.167928704,0.249710938,414.4,2347667027,8133932.759,1.42E+11,11261526489,157334557,1168114858,10331.91204,316.345458,1908.29,335.63,11.05
2022/9/1,5847956435,23984.45677,1260.12625,15.55188725,28.24936598,6295.273614,6.519867112,184.9292773,2.737861032,14.89748175,0.759046958,0.615175698,0.12820757,0.423993843,414.62,2347667027,8133932.759,1.42E+11,11261526489,157334557,1168114858,10331.91204,316.345458,1915.06,335.75,11.07
2022/10/1,4298198102,12301.41616,1260.12625,8.535124825,28.24936598,9205.380149,6.54960432,173.9698901,4.042723208,41.29476899,1.281742442,0.234901197,0.062639367,0.382187215,416.13,2347667027,8133932.759,1.42E+11,11261526489,157334557,1168114858,10331.91204,316.345458,1919.46,335.92,11.11
2022/11/1,-5520284675,5085.306029,1260.12625,3.415321564,28.24936598,9205.509681,6.480307971,141.7349147,3.372575968,34.21703889,2.536338731,0.110938318,0.073919725,0.425667917,417.84,2347667027,8133932.759,1.42E+11,11261526489,157334557,1168114858,10331.91204,316.345458,1922.11,336.12,11.15
2022/12/1,-12325042292,2395.500885,1260.12625,-0.883887766,28.24936598,7470.998078,6.47416714,120.7628027,1.701521077,20.54417883,2.831803428,0.058713225,0.085857379,0.361347837,418.92,2347667027,8133932.759,1.42E+11,11261526489,157334557,1168114858,10331.91204,316.345458,1921.99,336.28,11.19
2023/1/1,-948372909.9,2381.601823,1257.875692,-2.411458889,25.867686,547.6207192,6.470372428,125.1213129,-8.323699488,22.81302841,3.301389024,0.057145127,0.083452586,0.334308041,419.38,2318711304,16829197.74,1.42E+11,10809838467,237172960.3,1161283969,9734.157106,310.999226,1919.93,336.41,11.23
2023/2/1,-6344327613,2982.410446,1257.875692,3.782070917,25.867686,2046.887396,6.437551725,150.8371761,-1.752112584,20.71333229,3.109753837,0.079529057,0.08027345,0.302175215,419.65,2318711304,16829197.74,1.42E+11,10809838467,237172960.3,1161283969,9734.157106,310.999226,1918.9,336.49,11.26
2023/3/1,-439379230.3,7022.399375,1257.875692,10.11743077,25.867686,447.5154676,6.455580173,183.4757066,-5.323762024,25.42698737,1.954984524,0.146615592,0.075005136,0.350544142,419.98,2318711304,16829197.74,1.42E+11,10809838467,237172960.3,1161283969,9734.157106,310.999226,1918.76,336.53,11.29
2023/4/1,13351080653,11729.34463,1257.875692,17.96843729,25.867686,522.0873964,6.489175199,229.6920184,-7.326594643,27.56121122,2.030377099,0.154955125,0.080695737,0.351673725,420.5,2318711304,16829197.74,1.42E+11,10809838467,237172960.3,1161283969,9734.157106,310.999226,1919.9,336.55,11.33
2023/5/1,1866906507,16810.90568,1257.875692,16.87388172,25.867686,542.4068012,6.7118309,256.4739622,-6.678576389,34.37916353,1.470354517,0.222093267,0.083278549,0.398679449,420.57,2318711304,16829197.74,1.42E+11,10809838467,237172960.3,1161283969,9734.157106,310.999226,1919.38,336.54,11.36
2023/6/1,12472862496,24862.73206,1257.875692,19.74234532,25.867686,1193.365167,10.79981806,244.3163947,-5.116923457,17.53044956,1.246681324,0.542712203,0.129154499,0.210242561,419.58,2318711304,16829197.74,1.42E+11,10809838467,237172960.3,1161283969,9734.157106,310.999226,1915.27,336.56,11.39
2023/7/1,5703075968,33492.29902,1257.875692,21.19824128,25.867686,1654.127273,13.0888797,209.2164118,-2.873885175,4.034983954,0.982650346,0.775185768,0.179266955,0.322744766,417.92,2318711304,16829197.74,1.42E+11,10809838467,237172960.3,1161283969,9734.157106,310.999226,1913.1,336.61,11.42
2023/8/1,12763951613,33462.37099,1257.875692,19.12189782,25.867686,2690.610293,13.97382542,187.891349,-0.561821185,3.804815213,1.01960403,0.941814021,0.196234376,0.406893359,416.77,2318711304,16829197.74,1.42E+11,10809838467,237172960.3,1161283969,9734.157106,310.999226,1916.87,336.65,11.45
2023/9/1,3601249686,26428.45352,1257.875692,18.40319897,25.867686,7406.156617,10.68925645,199.6714128,2.351371021,7.145146765,1.1446154,0.561432372,0.150986936,0.464558372,417.17,2318711304,16829197.74,1.42E+11,10809838467,237172960.3,1161283969,9734.157106,310.999226,1924.67,336.74,11.47
2023/10/1,-5868944394,12200.21007,1257.875692,8.548687924,25.867686,11562.42804,10.53425214,174.0638846,3.701637276,31.28677969,1.159278938,0.21732544,0.077107615,0.530710469,418.84,2318711304,16829197.74,1.42E+11,10809838467,237172960.3,1161283969,9734.157106,310.999226,1930.4,336.89,11.5
2023/11/1,-1998741033,4442.220835,1257.875692,3.552134795,25.867686,11813.84291,10.52448897,143.2387783,3.779917487,33.73181146,1.406681515,0.118411122,0.075306314,0.483933077,420.4,2318711304,16829197.74,1.42E+11,10809838467,237172960.3,1161283969,9734.157106,310.999226,1931.64,337.09,11.56
2023/12/1,-10470235151,2489.231312,1257.875692,-2.312322578,25.867686,6110.425702,10.52441184,118.7648569,1.896067744,31.21826331,2.205116421,0.070991438,0.082833317,0.401490254,421.51,2318711304,16829197.74,1.42E+11,10809838467,237172960.3,1161283969,9734.157106,310.999226,1931.17,337.3,11.6
